"advertiser_id","advertiser_name","advertisers_with_eligible_prices","arrival","best_price_amount","best_price_currency","best_price_eurocents","cheapest_price","city","construction_year","country","departure","distance_info","forecasted_price_amount","forecasted_price_eurocents","has_special_offer","highlights","hotel_category","hotel_id","hotel_name","latitude","longitude","review_count","star_rating","user_rating"
,,"21","2026-09-19",,,,,"London","1865",,"2026-09-20","1.0 miles to Trafalgar Square","370","43056",,"Chuan Body + Soul sanctuary, Signature Langham Pink details",,"100/46304","The Langham, London","51.517799377441406","-0.14398999512195587","8931","5","9.4"
,,"5","2026-09-19",,,,,"London",,,"2026-09-20","0.4 miles to Buckingham Palace","184","21393",,"St. James residential luxury, Tranquil private courtyard garden",,"100/2045265","Arlington House Apartments","51.50653839111328","-0.1410199999809265","2297","4","8.5"
,,"0","2026-09-19",,,,,"London",,,"2026-09-20","1.1 miles to Trafalgar Square",,,,"Refurbished spartan guest rooms, Proximity to the British Museum",,"100/1251752","LSE Carr-Saunders Hall","51.52212142944336","-0.13835999369621277","4387","2","8.1"
,,"2","2026-09-19",,,,,"London",,,"2026-09-20","0.7 miles to City centre","89","10330",,"Sleep-focused windowless concept, High-tech 24-hour fitness studio",,"100/42687276","Zedwell Piccadilly Circus","51.51681900024414","-0.1266999989748001","51742","1","7.9"
,,"23","2026-09-19",,,,,"London","1909",,"2026-09-20","0.4 miles to Trafalgar Square","97","11340",,"Modern British dining at Haxells, Well-appointed basement fitness studio",,"100/12695","Strand Palace","51.51089096069336","-0.12083999812602997","39179","4","8.7"
,,"0","2026-09-19",,,,,"London",,,"2026-09-20","0.5 miles to Trafalgar Square",,,,"Skyline view apartment options, Seasonal university residence experience",,"100/1251756","LSE High Holborn","51.5159912109375","-0.12475000321865082","2919","2","8.1"
,,"20","2026-09-19",,,,,"London",,,"2026-09-20","0.3 miles to City centre","59","6856",,"Minimalist soundproofed design, On-site fitness center",,"100/17949268","Zedwell Piccadilly Circus","51.5105094909668","-0.13346000015735626","57111","3","7.8"
,,"19","2026-09-19",,,,,"London","1906",,"2026-09-20","0.5 miles to Buckingham Palace","908","105736",,"Michelin-starred Ritz Restaurant, Louis XVI style period interiors",,"100/13968","The Ritz London","51.507080078125","-0.14162999391555786","14666","5","9.4"
,,"3","2026-09-19",,,,,"London",,,"2026-09-20","0.6 miles to City centre","68","7888",,"",,"100/51230180","Otherwander Soho","51.515079498291016","-0.13393999636173248","445","2","9.0"
,,"20","2026-09-19",,,,,"London","1",,"2026-09-20","0.2 miles to Trafalgar Square","208","24206",,"Thames and London Eye views, Award-winning One Twenty One Two",,"100/48064","The Royal Horseguards Hotel","51.50605010986328","-0.12414000183343887","19269","4","8.8"
,,"22","2026-09-19",,,,,"London",,,"2026-09-20","0.1 miles to Trafalgar Square","112","13079",,"Modern fitness studio, Historic Victorian landmark setting",,"100/1440039","The Grand at Trafalgar Square","51.506980895996094","-0.12600000202655792","10761","4","8.6"
,,"20","2026-09-19",,,,,"London",,,"2026-09-20","0.2 miles to Trafalgar Square","176","20459",,"Platform 7 terrace restaurant, Historic Grade II-listed Victorian architecture",,"100/48082","The Clermont London, Charing Cross","51.5084114074707","-0.12473999708890915","18270","4","9.2"
,,"22","2026-09-19",,,,,"London","2006",,"2026-09-20","0.1 miles to Trafalgar Square","126","14686",,"Authentic Neapolitan 50 Kalò pizzeria, Victorian aristocratic mansion heritage",,"100/1415143","Club Quarters Hotel Trafalgar Square, London","51.506988525390625","-0.12601999938488007","13255","4","8.7"
,,"10","2026-09-19",,,,,"London",,,"2026-09-20","0.3 miles to City centre","114","13233",,"Quiet sanctuary in the city center, Innovative loft-style family rooms",,"100/43762974","Moxy London Piccadilly Circus","51.509639739990234","-0.133760005235672","2014","3","8.1"
,,"21","2026-09-19",,,,,"London","1899",,"2026-09-20","0.4 miles to Trafalgar Square","563","65483",,"Iconic River Thames panoramas, Heated indoor swimming pool",,"100/12715","The Savoy","51.51015090942383","-0.12052000313997269","21581","5","9.5"
,,"24","2026-09-19",,,,,"London","2018",,"2026-09-20","0.3 miles to City centre","98","11460",,"Oscar Wilde-inspired creative concept, Central transport hub proximity",,"100/7180736","Wilde Aparthotels, London, Covent Garden","51.50983810424805","-0.12218999862670898","9787","4","9.2"
,,"10","2026-09-19",,,,,"London",,,"2026-09-20","0.6 miles to City centre","69","8030",,"Smart-tech compact room design, Quiet urban retreat",,"100/8753000","hub by Premier Inn London Westminster Abbey hotel","51.49953842163086","-0.1315300017595291","12675","3","9.0"
,,"22","2026-09-19",,,,,"London","1995",,"2026-09-20","0.2 miles to Trafalgar Square","119","13800",,"Excellent public transport links, Historic Victorian architecture",,"100/12763","Citadines Trafalgar Square London","51.507171630859375","-0.12466000020503998","15698","4","8.3"
,,"1","2026-09-19",,,,,"London",,,"2026-09-20","0.6 miles to Trafalgar Square","50","5818",,"Panoramic ninth floor city views, Family-friendly stay policy",,"100/46305","Travelodge London Covent Garden","51.515708923339844","-0.12415000051259995","34489","3","7.7"
,,"9","2026-09-19",,,,,"London",,,"2026-09-20","0.2 miles to City centre","67","7797",,"Smart-room touchscreen technology, Covent Garden district exploration",,"100/7793248","hub by Premier Inn London Covent Garden hotel","51.510040283203125","-0.12711000442504883","12900","3","8.6"
,,"8","2026-09-19",,,,,"London",,,"2026-09-20","0.3 miles to Big Ben","72","8413",,"Thyme restaurant and bar, Historic Grade II listed building",,"100/222066","Premier Inn London County Hall","51.502498626708984","-0.11806999891996384","27908","3","8.7"
,,"25","2026-09-19",,,,,"London",,,"2026-09-20","0.2 miles to City centre","288","33479",,"Japanese-inspired rooftop lounge, Subterranean wellness at The Retreat",,"100/19679036","The Londoner Hotel","51.50986099243164","-0.1302099972963333","9551","5","9.2"
,,"8","2026-09-19",,,,,"London",,,"2026-09-20","0.2 miles to City centre","73","8469",,"Modern West End urban retreat, Leicester Square theatre district access",,"100/42784476","The Z Hotel Leicester Square","51.50973129272461","-0.1285800039768219","2148","3","8.8"
,,"20","2026-09-19",,,,,"London","2016",,"2026-09-20","0.3 miles to City centre","91","10536",,"Front-row film premiere views, Art deco inspired bistro and bar",,"100/6475130","Victory House Leicester Square","51.51123046875","-0.1300099939107895","6067","4","7.9"
,,"22","2026-09-19",,,,,"London",,,"2026-09-20","0.1 miles to City centre","230","26721",,"Ekstedt at The Yard restaurant, Historic Metropolitan Police headquarters",,"100/16162336","Great Scotland Yard Hotel, part of Hyatt","51.50627899169922","-0.12625999748706818","2711","5","9.0"
,,"18","2026-09-19",,,,,"London",,,"2026-09-20","0.2 miles to City centre","76","8812",,"Meradora rooftop restaurant, Urban-inspired West End base",,"100/10035100","Assembly Leicester Square","51.5106315612793","-0.12863999605178833","8926","3","8.1"
,,"23","2026-09-19",,,,,"London",,,"2026-09-20","0.4 miles to Trafalgar Square","187","21737",,"Indoor swimming pool and health club, Madhu’s of Mayfair Indian dining",,"100/16160","The Dilly","51.509429931640625","-0.13628999888896942","21088","5","8.2"
,,"20","2026-09-19",,,,,"London",,,"2026-09-20","0.1 miles to Trafalgar Square","140","16250",,"Theatreland and gallery proximity, Personalized service at the lounge bar",,"100/47787","Thistle Trafalgar - Leicester Square","51.50910186767578","-0.13012999296188354","8326","4","8.3"
,,"25","2026-09-19",,,,,"London",,,"2026-09-20","0.8 miles to Trafalgar Square","82","9514",,"Tranquil garden views, Access to Ajala Spa",,"100/129815","Grange Portland Hotel","51.520050048828125","-0.12442000210285187","1137","4","8.0"
,,"17","2026-09-19",,,,,"London",,,"2026-09-20","0.8 miles to Buckingham Palace","484","56315",,"Art of Dining culinary program, Intimate 1930s Fumoir bar",,"100/48022","Claridge's","51.512420654296875","-0.14786000549793243","8810","5","9.4"
,,"24","2026-09-19",,,,,"London","2016",,"2026-09-20","0.5 miles to City centre","100","11668",,"Boutique Soho heritage concept, Compact and windowless room options",,"100/6167832","Mimi's Hotel Soho","51.514068603515625","-0.13199999928474426","5976","4","8.1"
,,"19","2026-09-19",,,,,"London","1973",,"2026-09-20","0.6 miles to Trafalgar Square","65","7574",,"Panoramic rooftop city views, Diverse on-site dining trio",,"100/12694","STG Hotel Oxford Street","51.51752853393555","-0.1306000053882599","41321","3","7.0"
,,"15","2026-09-19",,,,,"London",,,"2026-09-20","0.2 miles to City centre","67","7778",,"Charing Cross transport connection, Accessible ground floor rooms",,"100/19039176","The Z Hotel Trafalgar","51.509979248046875","-0.12538999319076538","11856","3","8.5"
,,"23","2026-09-19",,,,,"London","1974",,"2026-09-20","1.1 miles to Trafalgar Square","65","7554",,"Traditional British London Pub, On-site Bloomsbury Bowling Lanes",,"100/12693","Royal National Hotel","51.523460388183594","-0.12732000648975372","43722","3","7.5"
,,"21","2026-09-19",,,,,"London","2010",,"2026-09-20","0.3 miles to Big Ben","126","14661",,"Iconic Big Ben and Thames views, Mandara Spa and 15-meter pool",,"100/1321090","Park Plaza Westminster Bridge Hotel","51.500999450683594","-0.1168999969959259","70248","4","8.7"
,,"18","2026-09-19",,,,,"London",,,"2026-09-20","0.3 miles to Trafalgar Square","124","14413",,"Comprehensive wellness facilities, Luxury four poster suites",,"100/12636","Montcalm Piccadilly Townhouse, London West End","51.51218032836914","-0.13186000287532806","9407","5","8.9"
,,"22","2026-09-19",,,,,"London","1999",,"2026-09-20","0.2 miles to Trafalgar Square","200","23279",,"Floor-to-ceiling city windows, EllaMia London gourmet eatery",,"100/12712","St Martins Lane London","51.510459899902344","-0.12669000029563904","11858","5","9.0"
,,"0","2026-09-19",,,,,"London",,,"2026-09-20","0.4 miles to City centre",,,,"",,"100/41997814","Zedwell Capsule Hotel Piccadilly Circus","51.510250091552734","-0.13422000408172607","14678",,"7.5"
,,"23","2026-09-19",,,,,"Westminster",,,"2026-09-20","Westminster, 1.1 miles to London","159","18534",,"Upper-floor London skyline views, Innovative windowless basement rooms",,"100/30375040","Hotel Riu Plaza London Victoria","51.49441146850586","-0.1420699954032898","23348","4","8.8"
,,"20","2026-09-19",,,,,"London",,,"2026-09-20","0.2 miles to Trafalgar Square","705","82094",,"Michelin-starred Kerridge's Bar & Grill, Historic Ministry of Defence setting",,"100/1535559","Corinthia London","51.5064582824707","-0.12431000173091888","9388","5","9.5"
,,"1","2026-09-19",,,,,"London",,,"2026-09-20","1.4 miles to City centre","157","18315",,"Mediterranean-inspired Arado Restaurant, Twenty-four hour fitness studio",,"100/8238210","Meliá White House Apartments","51.52482986450195","-0.14372000098228455","750","4","7.4"
,,"19","2026-09-19",,,,,"London","1901",,"2026-09-20","0.2 miles to Trafalgar Square","176","20429",,"Leicester Square red carpet views, Leicester Square Kitchen dining",,"100/12652","Radisson Blu Hotel, London Leicester Square","51.50986862182617","-0.12976999580860138","10153","5","8.5"
,,"19","2026-09-19",,,,,"London",,,"2026-09-20","0.1 miles to Trafalgar Square","238","27721",,"The Rooftop year-round terrace, Art Deco inspired interior design",,"100/47175","The Trafalgar St. James London, Curio Collection by Hilton","51.507320404052734","-0.12913000583648682","5728","5","9.3"
,,"17","2026-09-19",,,,,"London","2003",,"2026-09-20","0.5 miles to Big Ben","163","18984",,"Ian Fleming-inspired boutique concept, Thames River view fitness centre",,"100/18427","Hotel Riu Plaza London The Westminster","51.49332809448242","-0.12703999876976013","14131","4","8.8"
,,"23","2026-09-19",,,,,"London","1890",,"2026-09-20","0.2 miles to Trafalgar Square","135","15747",,"Victorian charm in the West End, Modern fitness studio",,"100/48066","Thistle London Piccadilly","51.51021957397461","-0.13152000308036804","7451","4","8.4"
,,"16","2026-09-19",,,,,"London","2014",,"2026-09-20","0.2 miles to Trafalgar Square","67","7814",,"The Z Cafe 24-hour service, Piccadilly Circus transport hub",,"100/3167038","The Z Hotel Piccadilly","51.509029388427734","-0.13138000667095184","14171","3","8.3"
,,"21","2026-09-19",,,,,"London",,,"2026-09-20","1.0 miles to Trafalgar Square","89","10355",,"Russell Square garden views, Traditional English carvery restaurant",,"100/12688","President Hotel","51.52220153808594","-0.1240599974989891","25427","3","8.0"
,,"17","2026-09-19",,,,,"London",,,"2026-09-20","0.3 miles to City centre","224","26099",,"Covent Garden Piazza proximity, Bespoke local recommendations",,"100/10767844","The Resident Covent Garden","51.5098991394043","-0.12347999960184097","5590","4","9.7"
,,"3","2026-09-19",,,,,"London",,,"2026-09-20","0.8 miles to City centre","144","16793",,"Bloomsbury Group inspired design, Fully equipped fitness studio",,"100/23054170","Charlotte Street Rooms by News Hotel","51.51839828491211","-0.1348699927330017","2324","3","9.0"
,,"3","2026-09-19",,,,,"London",,,"2026-09-20","0.2 miles to Hyde Park","52","6060",,"",,"100/1113380","Bluedaws Private Hotel","51.51517868041992","-0.17204999923706055","83","3","8.4"
,,"16","2026-09-19",,,,,"London",,,"2026-09-20","0.3 miles to City centre","76","8866",,"Unique family loft rooms, Efficient windowless room options",,"100/10236534","The Z Hotel Covent Garden","51.511009216308594","-0.1244800016283989","9547","3","8.2"
,,"21","2026-09-19",,,,,"London","1904",,"2026-09-20","0.4 miles to Trafalgar Square","253","29483",,"Senior concierge expertise, Boutique Seven Dials retreat",,"100/12648","Radisson Blu Hotel, London Mercer Street","51.51390838623047","-0.12711000442504883","11135","4","8.9"
,,"21","2026-09-19",,,,,"London",,,"2026-09-20","0.4 miles to Buckingham Palace","156","18192",,"The Soak restaurant and bar, Modern wellness and fitness studio",,"100/98778","The Clermont London, Victoria","51.495689392089844","-0.14534999430179596","15809","4","8.9"
,,"4","2026-09-19",,,,,"London",,,"2026-09-20","1.0 miles to Tower Bridge","133","15466",,"Seasonal university residence concept, Prime Bankside cultural location",,"100/1076152","LSE Bankside House","51.5063591003418","-0.09860999882221222","10631","2","8.1"
,,"19","2026-09-19",,,,,"London",,,"2026-09-20","0.1 miles to City centre","161","18776",,"Trafalgar Square rooftop dining, Urban explorer lifestyle concept",,"100/15728896","Page8, Page Hotels","51.50931167602539","-0.12682999670505524","7029","4","9.4"
,,"8","2026-09-19",,,,,"London",,,"2026-09-20","0.3 miles to Big Ben","68","7930",,"Panoramic skyscraper city views, Thyme restaurant and bar",,"100/2632386","Premier Inn London Waterloo - York Road","51.501888275146484","-0.11657000333070755","15077","3","8.5"
,,"9","2026-09-19",,,,,"London",,,"2026-09-20","0.2 miles to Trafalgar Square","79","9194",,"Leicester Square pedestrian access, Convenient luggage storage service",,"100/2144680","Premier Inn London Leicester Square","51.51103973388672","-0.13030000030994415","8996","3","8.4"
,,"18","2026-09-19",,,,,"London","1908",,"2026-09-20","0.5 miles to Trafalgar Square","207","24064",,"Homage Grand Salon dining, The Wild Monkey bar",,"100/12640","The Waldorf Hilton, London","51.51253890991211","-0.11897999793291092","14182","4","8.4"
,,"23","2026-09-19",,,,,"London","2008",,"2026-09-20","0.4 miles to Big Ben","121","14052",,"Iconic South Bank landmark views, Authentic Italian mezzanine dining",,"100/880913","Park Plaza County Hall London","51.501399993896484","-0.11630000174045563","20419","4","8.8"
,,"23","2026-09-19",,,,,"London","2014",,"2026-09-20","0.3 miles to Tower Bridge","287","33346",,"GŎNG cocktail and champagne bar, Sky-high infinity pool",,"100/2498036","Shangri-La The Shard, London","51.504310607910156","-0.08677999675273895","13727","5","9.4"
,,"17","2026-09-19",,,,,"London",,,"2026-09-20","1.5 miles to Trafalgar Square","40","4654",,"Secure on-site parking, Central King's Cross hub access",,"100/46296","Travelodge London Kings Cross Royal Scot","51.52935028076172","-0.11552999913692474","16852","3","7.2"
,,"12","2026-09-19",,,,,"London",,,"2026-09-20","0.3 miles to City centre","73","8547",,"Compact and efficient pod concept, Charing Cross transport proximity",,"100/24549232","The Z Hotel Strand","51.510009765625","-0.12301000207662582","10513","3","8.6"
,,"22","2026-09-19",,,,,"London",,,"2026-09-20","0.4 miles to Buckingham Palace","678","78938",,"Michelin-starred Pavyllon London, Rooftop spa with panoramic views",,"100/47136","Four Seasons Hotel London at Park Lane","51.504459381103516","-0.15000000596046448","3964","5","9.4"
,,"23","2026-09-19",,,,,"London",,,"2026-09-20","1.1 miles to Trafalgar Square","70","8115",,"Tavistock Square Garden views, Award-winning Poppadom Indian Kitchen",,"100/12671","The Tavistock Hotel","51.52436065673828","-0.12824000418186188","24977","3","8.0"
,,"16","2026-09-19",,,,,"London","2010",,"2026-09-20","0.7 miles to Big Ben","40","4654",,"Spacious family-friendly accommodations, Waterloo transport hub access",,"100/1535885","Travelodge London Central Waterloo","51.50035858154297","-0.10745000094175339","8458","3","8.1"
,,"23","2026-09-19",,,,,"London","2005",,"2026-09-20","0.6 miles to Big Ben","112","13033",,"Indoor pool and thermal suite, Signature dim sum masterclass",,"100/47101","Park Plaza London Riverbank","51.49148178100586","-0.12217999994754791","32080","4","8.6"
,,"17","2026-09-19",,,,,"London",,,"2026-09-20","0.6 miles to Buckingham Palace","77","8991",,"Flexible multi-guest room options, Authentic London townhouse architecture",,"100/46964","Stanley House Hotel","51.49222183227539","-0.1415500044822693","5665","1","6.2"
,,"17","2026-09-19",,,,,"London",,,"2026-09-20","0.7 miles to City centre","44","5124",,"Subterranean sanctuary concept, Central Bloomsbury location",,"100/33627074","Zedwell Underground Hotel Tottenham Court Rd","51.517391204833984","-0.13018999993801117","13408","3","7.4"
,,"2","2026-09-19",,,,,"London",,,"2026-09-20","0.9 miles to City centre","109","12685",,"Essential city planning details, Bloomsbury cultural district access",,"100/30654218","Bedford Place Hostels","51.520729064941406","-0.12460999935865402","1473","1","7.0"
,,"24","2026-09-19",,,,,"London",,,"2026-09-20","0.2 miles to Buckingham Palace","172","20038",,"Authentic Indian and African fusion, Bespoke royal-themed guest rooms",,"100/47164","Rubens At The Palace","51.498268127441406","-0.14350000023841858","12085","5","9.1"
,,"22","2026-09-19",,,,,"London","2002",,"2026-09-20","0.2 miles to Trafalgar Square","244","28435",,"Michelin-starred Wild Honey St James, Pierre-Yves Rochon interior design",,"100/46461","Sofitel London St James","51.50762939453125","-0.13233999907970428","5378","5","9.4"
,,"4","2026-09-19",,,,,"London",,,"2026-09-20","0.5 miles to Trafalgar Square","111","12957",,"Central London transport links, Triple and family room options",,"100/149109","Seven Dials Hotel","51.51485061645508","-0.12672999501228333","4829","1","7.7"
,,"25","2026-09-19",,,,,"London",,,"2026-09-20","0.6 miles to Trafalgar Square","239","27764",,"Luxury Studio Suites, 24-hour fitness studio",,"100/12643","The Bloomsbury Hotel","51.517250061035156","-0.12894999980926514","10137","5","9.3"
,,"19","2026-09-19",,,,,"London",,,"2026-09-20","0.5 miles to Trafalgar Square","114","13309",,"Unique split-level rooms, Royal Opera House proximity",,"100/1134615","The Fielding Hotel","51.51393127441406","-0.12199000269174576","5443","4","8.2"
,,"14","2026-09-19",,,,,"London",,,"2026-09-20","0.5 miles to City centre","138","16073",,"Rooftop bar with skyline views, Innovative Israeli-Spanish fusion dining",,"100/27103484","Hotel AMANO Covent Garden","51.51369094848633","-0.12037999927997589","10790","4","8.5"
,,"21","2026-09-19",,,,,"London","2016",,"2026-09-20","0.9 miles to City centre","102","11821",,"Upper floor city panoramas, Indoor pool with mood lighting",,"100/5806508","Park Plaza London Waterloo","51.49824142456055","-0.11354999989271164","28033","4","8.5"
,,"22","2026-09-19",,,,,"London",,,"2026-09-20","0.7 miles to Trafalgar Square","128","14898",,"Kingsley Two Brasserie, Holborn transport connections",,"100/48073","Thistle London Holborn","51.5177116394043","-0.12424000352621078","9791","4","8.5"
,,"24","2026-09-19",,,,,"London",,,"2026-09-20","0.8 miles to Trafalgar Square","70","8106",,"Individually designed bedrooms, Central Bloomsbury transport links",,"100/152896","Grange Clarendon Hotel","51.51979064941406","-0.12417999655008316","4166","4","7.5"
,,"18","2026-09-19",,,,,"London","2017",,"2026-09-20","0.3 miles to City centre","130","15129",,"Leicester Square balcony rooms, Theatrical art deco design",,"100/8957908","Hotel Indigo London - 1 Leicester Square By Ihg","51.51081848144531","-0.13075000047683716","4905","4","7.8"
,,"19","2026-09-19",,,,,"London",,,"2026-09-20","0.7 miles to Buckingham Palace","34","3982",,"Private balcony guestrooms, Victorian townhouse architecture",,"100/18372","Huttons Hotel, Victoria London","51.49066162109375","-0.1383800059556961","6533","3","7.1"
,,"22","2026-09-19",,,,,"London",,,"2026-09-20","0.3 miles to Buckingham Palace","192","22331",,"Intimate boutique wellness spa, Exclusive tenth-floor View lounge",,"100/47917","The Athenaeum Hotel & Residences","51.50471115112305","-0.14746999740600586","7809","5","9.0"
,,"23","2026-09-19",,,,,"London","1995",,"2026-09-20","0.5 miles to Big Ben","94","10937",,"London skyline guestroom views, International dining at Elements",,"100/47158","Novotel London Waterloo","51.494651794433594","-0.11868000030517578","11770","4","8.4"
,,"24","2026-09-19",,,,,"London","2014",,"2026-09-20","0.9 miles to Trafalgar Square","169","19663",,"Bespoke Curzon cinema, Nautical-inspired Tom Dixon design",,"100/3218556","Sea Containers London","51.508399963378906","-0.10664000362157822","22151","5","9.1"
,,"2","2026-09-19",,,,,"London",,,"2026-09-20","0.8 miles to City centre","81","9392",,"",,"100/51469744","Cheap private double room near Big Ben - with desk","51.4952507019043","-0.13172000646591187","10","4","7.3"
,,"19","2026-09-19",,,,,"London",,,"2026-09-20","0.4 miles to Big Ben","224","26121",,"Modern British dining at The Pem, Fairy-tale forest themed kids' room",,"100/2051857","Conrad London St. James","51.49945068359375","-0.13291999697685242","10838","5","9.3"
,,"9","2026-09-19",,,,,"London",,,"2026-09-20","0.6 miles to City centre","68","7959",,"Smart room control system, Westminster landmark proximity",,"100/7399146","hub by Premier Inn London Westminster, St James's Park hotel","51.499000549316406","-0.13262000679969788","8392","3","9.0"
,,"4","2026-09-19",,,,,"London",,,"2026-09-20","0.8 miles to City centre","128","14925",,"London Eye skyline views, Leake Street Arches exploration",,"100/20693022","NOX Waterloo","51.50080108642578","-0.11259999871253967","8010","4","8.8"
,,"20","2026-09-19",,,,,"London",,,"2026-09-20","0.2 miles to City centre","624","72671",,"Rooftop Japanese restaurant, Espionage-themed fine dining",,"100/31755030","Raffles London at The OWO","51.5051383972168","-0.12567000091075897","1587","5","9.4"
,,"19","2026-09-19",,,,,"London",,,"2026-09-20","0.7 miles to Big Ben","97","11317",,"Panoramic London Eye views, Modern fitness studio",,"100/3114706","Hampton by Hilton London Waterloo","51.500850677490234","-0.10801000148057938","15232","3","8.5"
,,"22","2026-09-19",,,,,"London",,,"2026-09-20","0.9 miles to Trafalgar Square","84","9824",,"Botanica restaurant and terrace, Quiet garden-facing guest rooms",,"100/12674","Bedford Hotel","51.52070999145508","-0.12352000176906586","8046","4","8.4"
,,"20","2026-09-19",,,,,"London",,,"2026-09-20","1.3 miles to Trafalgar Square","69","7990",,"Woburn Place conservatory dining, Modern fitness center with Peloton",,"100/97790","Hilton London Euston","51.5265007019043","-0.13012999296188354","7328","4","7.3"
,,"16","2026-09-19",,,,,"London","2011",,"2026-09-20","0.4 miles to Trafalgar Square","63","7336",,"Multi-story private townhouses, Soho and Covent Garden proximity",,"100/2048805","The Z Hotel Soho","51.513580322265625","-0.12966999411582947","9652","3","7.7"
,,"0","2026-09-19",,,,,"London",,,"2026-09-20","1.2 miles to Trafalgar Square",,,,"Historic Georgian student residence, Social games and TV rooms",,"100/1251680","LSE Passfield Hall","51.52524185180664","-0.13079999387264252","5811","2","7.9"
,,"18","2026-09-19",,,,,"London",,,"2026-09-20","0.7 miles to City centre","191","22195",,"Sycamore Vino Cucina restaurant, Contemporary lifestyle luxury concept",,"100/20993160","Middle Eight","51.515899658203125","-0.1200999990105629","8000","5","9.0"
,,"1","2026-09-19",,,,,"London",,,"2026-09-20","1.4 miles to City centre","40","4654",,"Panoramic London skyline views, Contemporary Ceramic Building design",,"100/8255044","Travelodge London Central Elephant and Castle","51.497310638427734","-0.09839999675750732","2442",,"8.2"
,,"25","2026-09-19",,,,,"London",,,"2026-09-20","0.8 miles to Trafalgar Square","82","9514",,"Health club and spa access, Historic Georgian townhouse charm",,"100/129814","Grange Buckingham Hotel","51.51955032348633","-0.1238899976015091","1357","4","7.8"
,,"21","2026-09-19",,,,,"London","2017",,"2026-09-20","0.8 miles to City centre","81","9407",,"Panoramic city view rooms, On-site fitness studio",,"100/6537442","Marlin Waterloo","51.499168395996094","-0.11332999914884567","18396","4","8.6"
,,"20","2026-09-19",,,,,"London",,,"2026-09-20","1.1 miles to City centre","132","15337",,"River Thames skyline panoramas, POTUS American-themed dining",,"100/7118430","Hyatt Regency London Albert Embankment","51.491878509521484","-0.12128999829292297","3938","4","8.9"
,,"17","2026-09-19",,,,,"London","1969",,"2026-09-20","1.4 miles to Tower Bridge","43","5003",,"Customizable quiet room selection, Old Street transport links",,"100/664366","Travelodge London Central City Road","51.522621154785156","-0.08696000277996063","12372","3","7.7"
,,"23","2026-09-19",,,,,"London","2010",,"2026-09-20","0.8 miles to Big Ben","102","11929",,"Waterloo Sky Bar rooftop, Mediterranean dining at Three O Two",,"100/1325285","H10 London Waterloo","51.49892044067383","-0.10633999854326248","12087","4","8.8"
,,"20","2026-09-19",,,,,"London","2009",,"2026-09-20","0.5 miles to Trafalgar Square","139","16173",,"Private basement cinema room, Rock and roll boutique concept",,"100/742701","Karma Sanctum Soho","51.511619567871094","-0.13835999369621277","4204","5","8.3"
,,"14","2026-09-19",,,,,"London",,,"2026-09-20","1.1 miles to City centre","86","9953",,"Seamless contactless check-in experience, Family-friendly dining at Blooms Pizza Cafe",,"100/31594384","City Sleeper At Royal National","51.52341842651367","-0.1274300068616867","6980","4","8.4"
,,"18","2026-09-19",,,,,"London",,,"2026-09-20","0.6 miles to Big Ben","103","12039",,"London-themed guest rooms, Walkable access to iconic landmarks",,"100/3119605","The Wellington Hotel","51.503761291503906","-0.11139000207185745","3922","3","8.0"
,,"4","2026-09-19",,,,,"London",,,"2026-09-20","0.3 miles to City centre","133","15478",,"Views of the London Eye, Family-friendly accommodations",,"100/18158710","15 New Row","51.51121139526367","-0.1256600022315979","447",,"7.3"
,,"26","2026-09-19",,,,,"London",,,"2026-09-20","1.1 miles to Hyde Park","226","26362",,"Eighteen-meter indoor swimming pool, Chic Marylebone village identity",,"100/47602","The Marylebone","51.51797866821289","-0.14993000030517578","9946","5","9.1"
,,"8","2026-09-19",,,,,"London",,,"2026-09-20","1.0 miles to City centre","69","8030",,"Modern Bar and Block steakhouse, Atmospheric purple LED lighting",,"100/23813180","Premier Inn London Southwark (Southwark Station) Hotel","51.50270080566406","-0.10608000308275223","2741","3","8.9"
,,"8","2026-09-19",,,,,"London",,,"2026-09-20","0.5 miles to City centre","67","7797",,"Smart-room technology controls, Walkable West End theatre access",,"100/15478478","hub by Premier Inn London Soho hotel","51.513118743896484","-0.1349799931049347","1713","3","8.5"
,,"17","2026-09-19",,,,,"London","2012",,"2026-09-20","0.4 miles to Buckingham Palace","58","6751",,"Compact luxury room concept, Belgravia district exploration",,"100/2254426","The Z Hotel Victoria","51.495689392089844","-0.1462399959564209","13518","3","8.1"
,,"18","2026-09-19",,,,,"London","1910",,"2026-09-20","0.7 miles to Trafalgar Square","139","16176",,"Dedicated concierge and luggage service, Historic Edwardian facade",,"100/12646","Radisson Blu Hotel, London Tottenham Court Road","51.517921447753906","-0.12817999720573425","12033","4","7.8"
,,"19","2026-09-19",,,,,"London",,,"2026-09-20","0.5 miles to Buckingham Palace","265","30850",,"Shanghai Me rooftop dining, Iconic Mayfair skyscraper heritage",,"100/48062","London Hilton on Park Lane","51.50550842285156","-0.15038999915122986","14115","5","8.5"
,,"23","2026-09-19",,,,,"London","1992",,"2026-09-20","1.4 miles to Trafalgar Square","105","12210",,"Tranquil indoor swimming pool, Refined Belgian cuisine at Belgo",,"100/12642","Crowne Plaza London - Kings Cross By Ihg","51.52650833129883","-0.11379999667406082","22813","4","8.0"
,,"18","2026-09-19",,,,,"London",,,"2026-09-20","0.3 miles to Hyde Park","69","8059",,"On-site fitness center, Victorian heritage architecture",,"100/18433","Park Grand Paddington Court","51.51359939575195","-0.1799899935722351","16019","4","7.7"
,,"17","2026-09-19",,,,,"London",,,"2026-09-20","0.6 miles to Hyde Park","137","15950",,"Historic Italian marble entrance, Award-winning recognition",,"100/48076","The Marble Arch Hotel, by Thistle","51.51416015625","-0.15665000677108765","26901","4","8.5"
,,"21","2026-09-19",,,,,"London",,,"2026-09-20","0.9 miles to Trafalgar Square","105","12259",,"City views from private balconies, Signature Apex duck companion",,"100/2143734","Apex Temple Court Hotel","51.51382064819336","-0.10891000181436539","14104","4","9.2"
,,"15","2026-09-19",,,,,"London",,,"2026-09-20","0.9 miles to Trafalgar Square","64","7470",,"Designer conversion on Fleet Street, Family rooms with sleeping lofts",,"100/5075170","The Z Hotel City","51.51380157470703","-0.11039000004529953","9596","3","8.1"
,,"16","2026-09-19",,,,,"London","2008",,"2026-09-20","1.0 miles to Big Ben","40","4654",,"Iconic Shard skyline views, Modernized Southwark base",,"100/968575","Travelodge London Central Southwark","51.50379180908203","-0.10245999693870544","12475","3","7.5"
,,"16","2026-09-19",,,,,"London",,,"2026-09-20","0.7 miles to City centre","58","6749",,"Theatreland and West End access, Compact luxury design concept",,"100/18957124","The Z Hotel Holborn","51.51573944091797","-0.11967000365257263","14880","3","8.2"
,,"22","2026-09-19",,,,,"London",,,"2026-09-20","0.5 miles to Trafalgar Square","241","28100",,"Radio Rooftop panoramic views, Signature STK London steakhouse",,"100/2187830","ME London","51.51182174682617","-0.11890000104904175","9871","5","9.0"
,,"2","2026-09-19",,,,,"London",,,"2026-09-20","1.3 miles to City centre","190","22138",,"Traditional dining at the Great Hall, Private Mecklenburgh Square Garden access",,"100/5718992","Goodenough College – University Residence","51.52457809448242","-0.11861000210046768","2534","4","8.5"
,,"27","2026-09-19",,,,,"London","1901",,"2026-09-20","0.8 miles to Trafalgar Square","146","16991",,"Georgian townhouse heritage, Award-winning guest services",,"100/12701","The Montague On The Gardens","51.520198822021484","-0.1256600022315979","10471","4","9.4"
,,"19","2026-09-19",,,,,"London","2013",,"2026-09-20","0.5 miles to Trafalgar Square","195","22734",,"Historic mansion with Dickensian ties, Family-friendly multi-bed suites",,"100/2760188","The Resident Soho","51.514808654785156","-0.13412000238895416","8736","4","9.4"
,,"18","2026-09-19",,,,,"Southwark","2015",,"2026-09-20","Southwark, 1.1 miles to London","131","15295",,"Heated indoor swimming pool, Industrial-chic design concept",,"100/3757044","Hilton London Bankside","51.50564956665039","-0.10113000124692917","11324","4","9.2"
,,"0","2026-09-19",,,,,"London","2006",,"2026-09-20","0.9 miles to Hyde Park",,,,"Imperial College London summer stay, Ethos Sports Centre facilities",,"100/481221","Princes Gardens","51.498680114746094","-0.17284999787807465","12143","4","7.5"
,,"21","2026-09-19",,,,,"London",,,"2026-09-20","2.3 miles to City centre","140","16350",,"Mediterranean rooftop pool and bar, BiBo Shoreditch by Dani García",,"100/6918080","Virgin Hotels London - Shoreditch","51.52368927001953","-0.08055000007152557","3475","5","8.7"
,,"19","2026-09-19",,,,,"London",,,"2026-09-20","1.0 miles to Hyde Park","156","18167",,"British-inspired Reform Social & Grill, Unique two-story Terrace Suite",,"100/12707","The Mandeville Hotel","51.51641845703125","-0.15095999836921692","11093","4","8.6"
,,"22","2026-09-19",,,,,"London",,,"2026-09-20","1.0 miles to Big Ben","66","7627",,"Historic former granary setting, Central London landmark proximity",,"100/152921","City London Hotel","51.499088287353516","-0.10197000205516815","4952","3","8.2"
,,"20","2026-09-19",,,,,"London","1866",,"2026-09-20","0.4 miles to Buckingham Palace","199","23179",,"Michelin-starred Ormer Mayfair dining, Curated celebrity photography collection",,"100/46571","Flemings Mayfair - Small Luxury Hotel of the World","51.506439208984375","-0.14515000581741333","6258","5","8.8"
,,"15","2026-09-19",,,,,"London",,,"2026-09-20","1.4 miles to Airport London City","115","13345",,"Signature rooms with London skyline views, Compact and cozy urban retreats",,"100/2873246","The Belgrave Hotel","51.4901008605957","-0.1381399929523468","7767","4","8.7"
,,"23","2026-09-19",,,,,"London",,,"2026-09-20","0.6 miles to City centre","232","26988",,"Victorian elegance and contemporary chic, Private rooftop terrace suites",,"100/6210868","Althoff St. James's Hotel & Club","51.50614929199219","-0.14026999473571777","3685","5","8.9"
,,"10","2026-09-19",,,,,"London","1870",,"2026-09-20","1.4 miles to Trafalgar Square","59","6866",,"Versatile multi-guest family rooms, Historic redbrick townhouse charm",,"100/123050","Princess Hotel","51.52894973754883","-0.12324000149965286","1990","2","8.0"
,,"7","2026-09-19",,,,,"London",,,"2026-09-20","1.0 miles to City centre","69","8030",,"Modern high-rise city views, Thyme bar and restaurant",,"100/39096042","Premier Inn London Waterloo - Lambeth Road","51.49599075317383","-0.11276999861001968","778","3","8.8"
,,"25","2026-09-19",,,,,"London",,,"2026-09-20","0.9 miles to Trafalgar Square","72","8428",,"Quiet private garden views, Conservatory restaurant and terrace",,"100/893427","Grange Beauchamp Hotel","51.520408630371094","-0.12483999878168106","3973","4","7.8"
,,"2","2026-09-19",,,,,"London",,,"2026-09-20","1.3 miles to City centre","67","7797",,"St Paul's Cathedral proximity, Compact and clever room design",,"100/48988834","hub by Premier Inn London Farringdon (Old Bailey)","51.517059326171875","-0.10279999673366547","316","3","8.6"
,,"7","2026-09-19",,,,,"London","2016",,"2026-09-20","0.4 miles to Trafalgar Square","143","16673",,"Ozone-treated swimming pool access, Mid-century modern interior design",,"100/5162544","Golden Square Soho","51.51169967651367","-0.13660000264644623","1715","3","7.4"
,,"19","2026-09-19",,,,,"London","1931",,"2026-09-20","0.6 miles to Buckingham Palace","557","64837",,"Exclusive 45 Park Lane pool access, The Grill by Tom Booton",,"100/48161","The Dorchester","51.50706100463867","-0.1523900032043457","7701","5","9.3"
,,"23","2026-09-19",,,,,"London",,,"2026-09-20","0.3 miles to Buckingham Palace","162","18806",,"Heritage fleet of vintage cars, J Wellness Circle spa rituals",,"100/32788","St. James' Court, A Taj Hotel, London","51.49858856201172","-0.1373399943113327","16806","4","8.7"
,,"18","2026-09-19",,,,,"London",,,"2026-09-20","1.0 miles to Trafalgar Square","45","5267",,"Historic Georgian townhouse charm, Flexible room configurations",,"100/149034","Arran House Hotel","51.522071838378906","-0.1324000060558319","4358","3","7.0"
,,"20","2026-09-19",,,,,"London","1999",,"2026-09-20","0.8 miles to Trafalgar Square","122","14195",,"Exclusive Gail's Bakery partnership, Historic Bloomsbury digital retreat",,"100/12702","Numa London Bloomsbury","51.518768310546875","-0.13204999268054962","7110","4","8.0"
,,"17","2026-09-19",,,,,"London",,,"2026-09-20","1.0 miles to City centre","79","9246",,"Seamless digital check-in, 24-hour canteenM dining",,"100/28640342","citizenM London Victoria Station","51.49525833129883","-0.14151999354362488","9855","4","9.0"
,,"8","2026-09-19",,,,,"London",,,"2026-09-20","1.1 miles to Trafalgar Square","90","10474",,"Versatile private family rooms, Central West End base",,"100/1032838","YHA London Central","51.52054977416992","-0.1423500031232834","13669","4","8.4"
,,"24","2026-09-19",,,,,"London",,,"2026-09-20","0.5 miles to Buckingham Palace","203","23569",,"Classic Dover sole at Butler's, Quintessential British townhouse charm",,"100/47200","The Chesterfield Mayfair","51.5076904296875","-0.1471399962902069","10088","4","9.4"
,,"22","2026-09-19",,,,,"London",,,"2026-09-20","0.8 miles to Trafalgar Square","164","19067",,"Exclusive local dining discounts, Newly refurbished luxury suites",,"100/47149","The Rathbone Hotel, Fitzrovia","51.51866149902344","-0.13551999628543854","4833","4","8.7"
,,"18","2026-09-19",,,,,"London",,,"2026-09-20","0.4 miles to Hyde Park","76","8795",,"Off-site fitness center access, Victorian townhouse boutique concept",,"100/46318","Park Grand Hyde Park","51.51565933227539","-0.17991000413894653","9324","4","7.5"
,,"18","2026-09-19",,,,,"London",,,"2026-09-20","0.7 miles to Trafalgar Square","179","20802",,"Grade II-listed telephone exchange, The Apartment event space",,"100/3503210","The Hoxton, Holborn","51.51723098754883","-0.12200000137090683","9581","4","8.9"
,,"13","2026-09-19",,,,,"London",,,"2026-09-20","0.6 miles to Buckingham Palace","44","5133",,"Family-friendly quadruple rooms, Central Westminster Borough location",,"100/81867","easyHotel Victoria","51.492008209228516","-0.14203999936580658","7444","3","6.7"
,,"21","2026-09-19",,,,,"London",,,"2026-09-20","0.9 miles to Trafalgar Square","84","9778",,"Polished brasserie dining, Edwardian redbrick architectural charm",,"100/48068","Thistle London Bloomsbury Park","51.52088165283203","-0.12296999990940094","5945","3","7.5"
,,"15","2026-09-19",,,,,"London","1912",,"2026-09-20","1.3 miles to Trafalgar Square","80","9315",,"Georgian crescent heritage setting, Private garden and terrace access",,"100/1504047","Studios2Let","51.52714157104492","-0.12761999666690826","19476","3","7.9"
,,"22","2026-09-19",,,,,"London",,,"2026-09-20","0.7 miles to City centre","181","21078",,"Sophisticated retro-chic dining, The Guardsman signature rooms",,"100/18961294","The Guardsman","51.498878479003906","-0.1369899958372116","3179","5","9.3"
,,"22","2026-09-19",,,,,"London","1898",,"2026-09-20","1.0 miles to Trafalgar Square","234","27189",,"Therabody wellness menu, High-performance fitness studio",,"100/12708","Kimpton Fitzroy London By Ihg","51.522640228271484","-0.12511999905109406","6981","5","9.1"
,,"19","2026-09-19",,,,,"London","2017",,"2026-09-20","0.8 miles to City centre","234","27276",,"South American inspired dining, Ethnobotanical cocktail bar",,"100/7809234","The Mandrake","51.517578125","-0.13547000288963318","1972","5","8.6"
,,"17","2026-09-19",,,,,"London","1867",,"2026-09-20","0.7 miles to Buckingham Palace","90","10470",,"Grade II listed Georgian heritage, Private cinema room hire",,"100/98752","Georgian House Hotel","51.490638732910156","-0.14381000399589539","8959","4","8.6"
,,"13","2026-09-19",,,,,"London",,,"2026-09-20","0.6 miles to Big Ben","21","2439",,"Hearty pub grub and burgers, Lambeth North Tube station proximity",,"100/1328481","PubLove @ The Steam Engine,Waterloo","51.49689865112305","-0.11264000087976456","7627","2","7.8"
,,"16","2026-09-19",,,,,"London",,,"2026-09-20","1.2 miles to Trafalgar Square","28","3292",,"Themed floors and screening room, Bespoke travel shop and tours",,"100/12667","Generator London","51.52619934082031","-0.12482000142335892","32228","2","7.2"
,,"4","2026-09-19",,,,,"London",,,"2026-09-20","0.5 miles to City centre","131","15236",,"Seven Dials village exploration, Leicester Square transport links",,"100/23071908","Seven Dials Hotel Annexe","51.51490020751953","-0.12541000545024872","272",,"6.8"
,,"23","2026-09-19",,,,,"London","1899",,"2026-09-20","0.7 miles to Hyde Park","256","29810",,"Historic 1899 railway hotel charm, Bespoke Landmark Tea of Dreams",,"100/13962","The Landmark London","51.521461486816406","-0.16259999573230743","12829","5","9.1"
,,"22","2026-09-19",,,,,"London","2000",,"2026-09-20","0.8 miles to Trafalgar Square","205","23827",,"Malin+Goetz wellness amenities, Spacious designer terrace suites",,"100/47127","Sanderson London","51.51742172241211","-0.13728000223636627","7802","5","8.7"
,,"20","2026-09-19",,,,,"London","1975",,"2026-09-20","0.4 miles to Buckingham Palace","272","31660",,"Seventh-floor Club InterContinental, Acclaimed Theo Randall restaurant",,"100/46243","Intercontinental Hotels London Park Lane By Ihg","51.50387954711914","-0.15041999518871307","11428","5","8.8"
,,"20","2026-09-19",,,,,"London","1911",,"2026-09-20","0.9 miles to Trafalgar Square","139","16169",,"The Writing Room restaurant, Modern 24-hour fitness studio",,"100/2806922","DoubleTree by Hilton London - West End","51.520111083984375","-0.12210000306367874","11168","4","7.8"
,,"18","2026-09-19",,,,,"London",,,"2026-09-20","1.0 miles to Big Ben","120","13984",,"Characterful boutique rooms, Authentic English pub atmosphere",,"100/98763","The Mad Hatter Hotel","51.50703811645508","-0.10487999767065048","6376","3","8.7"
,,"19","2026-09-19",,,,,"London","1936",,"2026-09-20","1.3 miles to Trafalgar Square","98","11402",,"Mediterranean flavors at Arado Restaurant, Marylebone district transport links",,"100/48072","Meliá White House","51.52482986450195","-0.14372000098228455","9454","4","8.4"
,,"9","2026-09-19",,,,,"Westminster",,,"2026-09-20","Westminster, 1.5 miles to London","68","7908",,"Sleep-focused cocoon concept, Hyde Park morning walks",,"100/41582236","Zedwell Knightsbridge","51.501609802246094","-0.16142000257968903","1258",,"8.2"
,,"14","2026-09-19",,,,,"London",,,"2026-09-20","1.2 miles to City centre","74","8575",,"Traditional London pub concept, Central London transport links",,"100/19286098","The Ship Rooms","51.49317932128906","-0.11051999777555466","1246",,"8.3"
,,"20","2026-09-19",,,,,"London",,,"2026-09-20","0.2 miles to Big Ben","303","35304",,"The Library afternoon tea, 25-meter indoor lap pool",,"100/48150","London Marriott Hotel County Hall","51.50104904174805","-0.11917000263929367","7614","5","8.7"
,,"15","2026-09-19",,,,,"London","1970",,"2026-09-20","1.0 miles to Trafalgar Square","138","16047",,"",,"100/12682","The Imperial","51.522640228271484","-0.1250700056552887","24","3","9.3"
,,"15","2026-09-19",,,,,"London",,,"2026-09-20","0.6 miles to City centre","80","9322",,"Compact and efficient room design, Oxford Circus transport links",,"100/7931192","The Z Hotel Tottenham Court Road","51.5141716003418","-0.13684000074863434","9243","3","8.2"
,,"19","2026-09-19",,,,,"London","2011",,"2026-09-20","0.5 miles to Big Ben","68","7860",,"Compact and tech-forward urban base, Southbank and Westminster strolls",,"100/1563001","Point A Hotel London Westminster","51.49916076660156","-0.11249999701976776","9287","3","7.9"
,,"20","2026-09-19",,,,,"London",,,"2026-09-20","0.3 miles to Buckingham Palace","230","26748",,"Historic wartime espionage headquarters, Caxton Bar and Grill",,"100/47705","St. Ermin's Hotel, Autograph Collection","51.499141693115234","-0.1344199925661087","13223","4","9.3"
,,"19","2026-09-19",,,,,"Westminster","2015",,"2026-09-20","3.9 miles to Big Ben","109","12702",,"Refined boutique brick architecture, Royal Westminster neighborhood setting",,"100/4493164","The Resident Victoria","51.49897003173828","-0.14271000027656555","7226","4","9.4"
,,"11","2026-09-19",,,,,"London",,,"2026-09-20","1.0 miles to City centre","66","7705",,"Fitzrovia district exploration, Relaxed first-floor lounge",,"100/7774312","hub by Premier Inn London Tottenham Court Road (Goodge Street)","51.52151107788086","-0.13471999764442444","5832","3","8.9"
,,"22","2026-09-19",,,,,"London","1",,"2026-09-20","0.5 miles to Buckingham Palace","223","25957",,"Historic royal playground heritage, Tranquil May Fair Spa retreat",,"100/12653","The May Fair, A Radisson Collection Hotel, Mayfair London","51.50822067260742","-0.14425000548362732","17412","5","8.5"
,,"20","2026-09-19",,,,,"London",,,"2026-09-20","1.3 miles to Tower Bridge","114","13257",,"Wellness suite with sauna, Historic 1750s brewery architecture",,"100/1770455","The Montcalm at the Brewery London","51.520591735839844","-0.09115999937057495","12961","5","8.2"
,,"20","2026-09-19",,,,,"London","1988",,"2026-09-20","0.5 miles to Buckingham Palace","134","15588",,"Upgraded rooms with skyline views, Modern restaurant and bar",,"100/48083","DoubleTree by Hilton London Victoria","51.49401092529297","-0.14332999289035797","10338","4","8.2"
,,"21","2026-09-19",,,,,"London",,,"2026-09-20","1.1 miles to Hyde Park","158","18352",,"Traditional British carvery dining, Executive rooms with whirlpool baths",,"100/47146","The Rembrandt","51.49605941772461","-0.17041000723838806","11080","4","8.6"
,,"9","2026-09-19",,,,,"London",,,"2026-09-20","1.0 miles to Trafalgar Square","69","8030",,"Thyme restaurant and bar, Direct Gatwick Airport connection",,"100/2380714","Premier Inn London Blackfriars (Fleet Street) hotel","51.51298141479492","-0.10512000322341919","17804","3","8.7"
,,"8","2026-09-19",,,,,"London",,,"2026-09-20","1.4 miles to City centre","67","7761",,"Vibrant Exmouth Market at doorstep, Compact, modern room design",,"100/33084558","hub by Premier Inn London Clerkenwell hotel","51.52450942993164","-0.10956999659538269","1244","3","9.0"
,,"13","2026-09-19",,,,,"London",,,"2026-09-20","1.3 miles to City centre","93","10792",,"Dickensian literary design concept, First floor courtyard terrace",,"100/35797896","Ruby Stella Hotel London by IHG","51.5229606628418","-0.11050000041723251","3440","3","9.1"
,,"22","2026-09-19",,,,,"London","2012",,"2026-09-20","1.0 miles to Big Ben","117","13593",,"Premium executive room upgrades, Indoor pool and saunarium",,"100/2398847","Novotel London Blackfriars","51.5051383972168","-0.1048400029540062","11242","4","8.8"
,,"20","2026-09-19",,,,,"London",,,"2026-09-20","0.5 miles to Tower Bridge","125","14524",,"Independent boutique charm in Southwark, Private Fitness Room and gym access",,"100/46598","London Bridge Hotel","51.50519943237305","-0.0881199985742569","8582","4","9.1"
,,"20","2026-09-19",,,,,"London","1",,"2026-09-20","1.2 miles to Trafalgar Square","117","13620",,"Steak & Lobster restaurant, Custom-made boutique interiors",,"100/12645","Radisson Blu Hotel, London Euston Square","51.524139404296875","-0.13808000087738037","18170","4","8.0"
,,"19","2026-09-19",,,,,"London",,,"2026-09-20","1.4 miles to Hyde Park","35","4023",,"Lexham Gardens townhouse setting, South Kensington cultural hub access",,"100/97729","easyHotel South Kensington","51.49538040161133","-0.18943999707698822","3352","3","6.8"
,,"23","2026-09-19",,,,,"London",,,"2026-09-20","1.2 miles to Tower Bridge","130","15127",,"Sabine Rooftop Bar skyline views, Family-friendly swimming hours",,"100/46294","Leonardo Royal London St Paul’s","51.512779235839844","-0.09967000037431717","25788","4","8.7"
,,"22","2026-09-19",,,,,"London","1914",,"2026-09-20","0.8 miles to Trafalgar Square","430","49998",,"Hokusai-inspired art afternoon tea, Sense Spa bamboo massage treatments",,"100/12711","Rosewood London","51.51757049560547","-0.1178399994969368","9585","5","9.4"
,,"20","2026-09-19",,,,,"London",,,"2026-09-20","1.3 miles to Trafalgar Square","60","6971",,"Contemporary international dining, Victorian townhouse boutique concept",,"100/18454","Euston Square Hotel","51.52593994140625","-0.13605999946594238","6412","3","7.3"
,,"17","2026-09-19",,,,,"London","1890",,"2026-09-20","1.0 miles to Trafalgar Square","86","10029",,"Historic Pre-Raphaelite artist home, Central West End transport links",,"100/945667","Arosfa Hotel London by Compass Hospitality","51.52228927612305","-0.13262000679969788","4503","3","8.5"
,,"0","2026-09-19",,,,,"London",,,"2026-09-20","1.6 miles to Trafalgar Square",,,,"Budget-friendly solo traveler rooms, Social courtyard and games room",,"100/1251754","LSE Rosebery Hall","51.52756118774414","-0.10706999897956848","3616","2","8.1"
,,"23","2026-09-19",,,,,"London","2003",,"2026-09-20","0.8 miles to Tower Bridge","129","15003",,"Iconic Shard skyline views, London Bridge transport links",,"100/47141","Novotel London Bridge","51.50550842285156","-0.09519000351428986","11256","4","8.6"
,,"18","2026-09-19",,,,,"London","1900",,"2026-09-20","0.2 miles to Trafalgar Square","127","14742",,"French-Vietnamese restaurant and bar, Historically significant suites",,"100/1722435","Leicester House Hotel","51.5112190246582","-0.13120999932289124","1456","4","8.6"
,,"20","2026-09-19",,,,,"London","1",,"2026-09-20","1.0 miles to Hyde Park","140","16293",,"Eclectic boutique interior design, In-room wellness and beauty treatments",,"100/46277","The Welbeck Hotel By Ihg","51.516841888427734","-0.14948999881744385","2141","4","8.9"
,,"21","2026-09-19",,,,,"London","1906",,"2026-09-20","0.7 miles to Trafalgar Square","174","20265",,"Bloomsbury Street Kitchen, Townhouse-inspired social spaces",,"100/12647","Radisson Blu Hotel, London Bloomsbury","51.517608642578125","-0.1276099979877472","12119","4","8.2"
,,"18","2026-09-19",,,,,"Croydon",,,"2026-09-20","0.6 miles to Buckingham Palace","98","11464",,"Historic Georgian townhouse charm, Versatile family and club rooms",,"100/1990815","Astors Belgravia","51.4935188293457","-0.15017999708652496","6490","4","7.8"
,,"18","2026-09-19",,,,,"London","1910",,"2026-09-20","0.3 miles to Buckingham Palace","513","59701",,"Michelin-starred British dining, Last family-owned luxury hotel",,"100/47717","The Goring","51.4975700378418","-0.14546999335289001","4377","5","9.5"
,,"17","2026-09-19",,,,,"London",,,"2026-09-20","0.6 miles to City centre","127","14823",,"Soundproofed city-view accommodations, Restored neoclassical apartment living",,"100/26099534","The Lincoln Suites","51.514488220214844","-0.11858999729156494","3734","4","9.0"
,,"8","2026-09-19",,,,,"London",,,"2026-09-20","1.2 miles to City centre","67","7743",,"",,"100/48115750","Zedwell Underground Hotel Park Lane","51.50870895385742","-0.15417000651359558","269","2","7.8"
,,"1","2026-09-19",,,,,"London",,,"2026-09-20","2.3 miles to City centre","43","5003",,"Flagship new design concept, Sky Garden and Shard proximity",,"100/9370388","Travelodge London City","51.51533889770508","-0.0748400017619133","10078","3","8.5"
,,"22","2026-09-19",,,,,"London",,,"2026-09-20","1.2 miles to Trafalgar Square","102","11891",,"St. Paul's Cathedral views, 24-hour fitness studio",,"100/47079","Club Quarters Hotel St Paul's, London","51.51396179199219","-0.10113999992609024","8810","4","8.5"
,,"21","2026-09-19",,,,,"London","1880",,"2026-09-20","0.8 miles to Buckingham Palace","79","9196",,"Victorian charm with modern flair, Upscale Pimlico residential setting",,"100/149046","Mornington Hotel London Victoria","51.490318298339844","-0.1403300017118454","2592","4","7.9"
,,"21","2026-09-19",,,,,"London","1972",,"2026-09-20","1.2 miles to Trafalgar Square","105","12201",,"Junction Restaurant British classics, Fitzrovia district cultural hub",,"100/46289","Holiday Inn London - Regent's Park by IHG","51.52251052856445","-0.14282000064849854","14647","4","8.3"
,,"21","2026-09-19",,,,,"London","1999",,"2026-09-20","0.2 miles to Buckingham Palace","244","28368",,"Personalized turndown rituals, Exclusive rooftop terrace access",,"100/15552","Hotel 41","51.49821853637695","-0.14351999759674072","6091","5","9.8"
,,"21","2026-09-19",,,,,"London","2001",,"2026-09-20","0.5 miles to Buckingham Palace","131","15301",,"Venetian cicchetti at TOZI, Leisure club with steam room",,"100/13986","Park Plaza Victoria London","51.49430847167969","-0.1413699984550476","20897","4","8.7"
,,"21","2026-09-19",,,,,"London","1890",,"2026-09-20","1.5 miles to Trafalgar Square","55","6443",,"St Pancras International proximity, Customizable breakfast boxes",,"100/152883","Alhambra Hotel","51.52928924560547","-0.12364000082015991","9357","2","8.1"
,,"19","2026-09-19",,,,,"London",,,"2026-09-20","1.6 miles to Tower Bridge","40","4681",,"Digital Apple Wallet room keys, Compact and utilitarian city base",,"100/5150770","easyHotel London City Shoreditch","51.52442169189453","-0.0946199968457222","7774","3","7.8"
,,"23","2026-09-19",,,,,"London",,,"2026-09-20","0.8 miles to Trafalgar Square","166","19351",,"Roman-style indoor swimming pool, Vibrant pop-art interior design",,"100/12710","NYX Hotel London Holborn by Leonardo Hotels","51.51939010620117","-0.12092000246047974","14657","4","8.6"
,,"20","2026-09-19",,,,,"London",,,"2026-09-20","0.3 miles to Buckingham Palace","249","29012",,"Historic seventeenth century townhouses, Dedicated Star Prestige concierge",,"100/47071","The Stafford London","51.50577926635742","-0.14044000208377838","4944","5","9.3"
,,"17","2026-09-19",,,,,"London",,,"2026-09-20","0.8 miles to City centre","111","12926",,"Playful circus-inspired design, Loft rooms with balconies",,"100/18028564","Ruby Lucy Hotel London by IHG","51.50117111206055","-0.11243999749422073","4391","4","9.1"
,,"17","2026-09-19",,,,,"London",,,"2026-09-20","1.4 miles to City centre","142","16556",,"Music-inspired lifestyle concept, Modern fitness studio",,"100/11184996","The Cumberland, London","51.51380157470703","-0.15905000269412994","33075","4","8.5"
,,"18","2026-09-19",,,,,"London",,,"2026-09-20","0.9 miles to Trafalgar Square","89","10359",,"Authentic Italian dining at Il Pizzaiolo, Historic West End townhouse stay",,"100/1107162","Mermaid Suite Hotel","51.51408004760742","-0.14685000479221344","5045","3","6.5"
,,"24","2026-09-19",,,,,"London",,,"2026-09-20","1.1 miles to Trafalgar Square","102","11903",,"Sophisticated XX-XXVIII Restaurant, Georgian heritage and period charm",,"100/47072","Gem Fitzrovia Hotel","51.521759033203125","-0.14252999424934387","6678","4","8.3"
,,"18","2026-09-19",,,,,"London",,,"2026-09-20","0.3 miles to Big Ben","118","13779",,"Traditional Victorian pub ambiance, St. James's Park Tube station access",,"100/98772","The Sanctuary House Hotel","51.49956130981445","-0.1318099945783615","6218","3","8.8"
,,"21","2026-09-19",,,,,"London",,,"2026-09-20","1.0 miles to Trafalgar Square","112","13059",,"Traditional Georgian style rooms, Versatile multi-bed family rooms",,"100/81694","Regency House Hotel","51.52193832397461","-0.13235999643802643","3058","3","7.7"
,,"18","2026-09-19",,,,,"London","1970",,"2026-09-20","0.7 miles to Buckingham Palace","117","13643",,"Family-run Victorian townhouse, Prime Westminster location",,"100/46965","Luna Simone Hotel","51.490779876708984","-0.1386300027370453","7524","3","9.0"
,,"14","2026-09-19",,,,,"London",,,"2026-09-20","1.4 miles to Trafalgar Square","93","10814",,"Proximity to British Library, Lively cafe and natural wine bar",,"100/672156","Kabannas London St Pancras","51.528839111328125","-0.126460000872612","10643",,"7.9"
,,"22","2026-09-19",,,,,"London","2005",,"2026-09-20","1.4 miles to Trafalgar Square","139","16134",,"Panoramic city skyline views, High-tech fitness center",,"100/884185","Pullman London St Pancras","51.52859878540039","-0.12833000719547272","15325","4","8.9"
,,"7","2026-09-19",,,,,"London",,,"2026-09-20","0.7 miles to Hyde Park","73","8472",,"Townhouse hotel concept, Z Café and courtyard terrace",,"100/4748480","The Z Hotel Gloucester Place","51.51723861694336","-0.1578799933195114","1580","3","8.5"
,,"18","2026-09-19",,,,,"London","2005",,"2026-09-20","0.6 miles to Trafalgar Square","202","23552",,"Panoramic London skyline roof terrace, Heated indoor swimming pool",,"100/132543","Courthouse Hotel","51.514381408691406","-0.1394599974155426","7161","5","7.6"
,,"15","2026-09-19",,,,,"London",,,"2026-09-20","0.5 miles to Tower Bridge","45","5236",,"Tower Hill and City fringe location, Secure luggage storage facilities",,"100/970069","Travelodge London Central Tower Bridge","51.511051177978516","-0.07405000180006027","11046","3","7.6"
,,"20","2026-09-19",,,,,"London",,,"2026-09-20","2.2 miles to City centre","80","9268",,"Victorian townhouse boutique concept, Hyde Park and Italian Gardens access",,"100/6475342","The Westbourne Hyde Park","51.51319885253906","-0.17786000669002533","8547","4","8.8"
,,"20","2026-09-19",,,,,"London",,,"2026-09-20","1.5 miles to City centre","85","9890",,"Panoramic St. Paul’s Cathedral views, Vibrant Komyuniti social space",,"100/20685470","YOTEL London City","51.52265930175781","-0.10457000136375427","9207","4","8.3"
,,"17","2026-09-19",,,,,"London",,,"2026-09-20","0.5 miles to City centre","390","45442",,"Bespoke wellness and spa treatments, Award-winning Side Hustle bar",,"100/23561900","NoMad London","51.513511657714844","-0.122079998254776","2249","5","9.2"
,,"23","2026-09-19",,,,,"London",,,"2026-09-20","0.8 miles to Buckingham Palace","99","11528",,"The Latte Stop Italian coffee, Direct city access via Route 24",,"100/47155","Sidney Hotel London-Victoria","51.49032974243164","-0.13861000537872314","12788","3","8.0"
,,"23","2026-09-19",,,,,"London",,,"2026-09-20","0.8 miles to Buckingham Palace","154","17881",,"Upper floor panoramic city views, Authentic Chinese culinary experience",,"100/47063","Millennium Hotel London Knightsbridge","51.499908447265625","-0.15998999774456024","10260","4","7.7"
,,"20","2026-09-19",,,,,"London",,,"2026-09-20","0.6 miles to Hyde Park","68","7880",,"Unique split-level rooms, Kensington Gardens proximity",,"100/149129","Grand Royale Hyde Park","51.51102066040039","-0.1863500028848648","20514","4","7.7"
,,"21","2026-09-19",,,,,"London","2015",,"2026-09-20","0.7 miles to Big Ben","124","14454",,"Modern fitness studio, Vibrant Vauxhall district location",,"100/3139481","Staybridge Suites London - Vauxhall By Ihg","51.48910140991211","-0.12088999897241592","7648","4","9.4"
,,"17","2026-09-19",,,,,"London",,,"2026-09-20","1.3 miles to City centre","75","8765",,"Riverside studios with iconic views, Unique plant buddy program",,"100/19521332","Locke at Broken Wharf","51.51066970825195","-0.09681999683380127","4077","4","8.8"
,,"1","2026-09-19",,,,,"London",,,"2026-09-20","1.4 miles to Trafalgar Square","50","5821",,"Versatile family room options, Strategic Euston Station base",,"100/921023","Travelodge London Central Euston","51.528018951416016","-0.13131000101566315","10524","2","7.6"
,,"21","2026-09-19",,,,,"London","2012",,"2026-09-20","1.0 miles to Tower Bridge","83","9700",,"Vibrant Vitra-furnished living room, South Bank cultural proximity",,"100/2288650","citizenM London Bankside","51.505088806152344","-0.09826000034809113","12550","4","8.9"
,,"19","2026-09-19",,,,,"London","1972",,"2026-09-20","0.5 miles to Hyde Park","126","14615",,"Panoramic London skyline views, Extensive 200sqm fitness studio",,"100/48099","Hilton London Metropole","51.51932144165039","-0.16952000558376312","27023","4","8.3"
,,"8","2026-09-19",,,,,"London","2014",,"2026-09-20","0.9 miles to Trafalgar Square","69","8030",,"Thyme restaurant and bar, Central Bloomsbury theatre base",,"100/3231032","Premier Inn London Holborn","51.5201301574707","-0.1173200011253357","9151","3","8.4"
,,"22","2026-09-19",,,,,"London",,,"2026-09-20","0.8 miles to Trafalgar Square","143","16691",,"Modern fitness and wellness studio, Covent Garden and museum proximity",,"100/12762","Citadines Holborn-Covent Garden London","51.51789855957031","-0.11856000125408173","7952","4","8.3"
,,"24","2026-09-19",,,,,"London","2010",,"2026-09-20","0.9 miles to Big Ben","80","9264",,"Convenient Southwark tube access, Flexible check-out options",,"100/2416802","ibis London Blackfriars","51.504940032958984","-0.10475999861955643","16882","3","8.4"
,,"22","2026-09-19",,,,,"London",,,"2026-09-20","1.0 miles to City centre","141","16436",,"Seabird rooftop seafood restaurant, Industrial-chic factory design",,"100/12405854","The Hoxton, Southwark","51.505889892578125","-0.10486999899148941","5753","4","9.0"
,,"4","2026-09-19",,,,,"London",,,"2026-09-20","1.0 miles to City centre","100","11692",,"Secluded rear patio garden, Flexible family and group rooms",,"100/6655138","Jesmond Hotel","51.52177047729492","-0.13203999400138855","2449","2","8.5"
,,"8","2026-09-19",,,,,"London",,,"2026-09-20","1.3 miles to City centre","67","7840",,"Thyme restaurant and bar, Quiet urban sanctuary",,"100/13555466","Premier Inn London Farringdon (Smithfield) hotel","51.517578125","-0.10170000046491623","5199","3","8.8"
,,"1","2026-09-19",,,,,"London",,,"2026-09-20","0.2 miles to City centre","176","20429",,"",,"100/5916038","Radisson Blu Edwardian Leicester Square","51.509971618652344","-0.12966999411582947","9","5","8.4"
,,"20","2026-09-19",,,,,"London",,,"2026-09-20","0.8 miles to Tower Bridge","20","2272",,"Southwark and Waterloo location, Adults-only accommodation",,"100/2744694","PubLove @ The Rose & Crown","51.50381851196289","-0.09480000287294388","3797","3","7.8"
,,"19","2026-09-19",,,,,"London",,,"2026-09-20","0.9 miles to Tower Bridge","90","10445",,"Modern residential-style living, Dedicated 24-hour fitness studio",,"100/5204732","Cove Cannon Street","51.512210845947266","-0.0933300033211708","2479","4","9.1"
,,"20","2026-09-19",,,,,"London",,,"2026-09-20","0.2 miles to Trafalgar Square","282","32790",,"Private Screening Room, Unique sound-buffering design",,"100/1332171","W London","51.510841369628906","-0.1314300000667572","6087","5","8.4"
,,"21","2026-09-19",,,,,"London","1967",,"2026-09-20","1.1 miles to Trafalgar Square","117","13638",,"The Artful Critic restaurant, Academy conference suites",,"100/12641","Holiday Inn London - Bloomsbury By Ihg","51.52397155761719","-0.12501999735832214","14773","4","8.2"
,,"1","2026-09-19",,,,,"London",,,"2026-09-20","1.6 miles to Trafalgar Square","50","5818",,"Historic Edwardian architecture, Strategic King's Cross hub access",,"100/46800","Travelodge London Central Kings Cross","51.53023910522461","-0.12035000324249268","6651","3","7.6"
,,"16","2026-09-19",,,,,"London",,,"2026-09-20","1.4 miles to Trafalgar Square","85","9892",,"Relaxing on-site sauna, Prime King's Cross location",,"100/46930","Jesmond Dene Hotel","51.52894973754883","-0.12324000149965286","3602","3","8.3"
,,"19","2026-09-19",,,,,"London",,,"2026-09-20","0.4 miles to Hyde Park","90","10503",,"Authentic Indian fusion dining, Basement wellness sanctuary",,"100/46353","The Chilworth London Paddington","51.515228271484375","-0.1781499981880188","12471","5","8.3"
,,"8","2026-09-19",,,,,"London",,,"2026-09-20","1.9 miles to City centre","67","7797",,"Panoramic London skyline views, Compact and high-tech urban concept",,"100/35836716","Hub By Premier Inn London Marylebone","51.52043151855469","-0.16527999937534332","1803","3","8.8"
,,"13","2026-09-19",,,,,"London",,,"2026-09-20","0.7 miles to Tower Bridge","25","2935",,"Panoramic rooftop terrace, Borough Market doorstep access",,"100/391321","St Christopher's Inn London Bridge - The Village","51.50286102294922","-0.09188999980688095","16048","2","7.6"
,,"20","2026-09-19",,,,,"London","1866",,"2026-09-20","0.4 miles to Trafalgar Square","501","58274",,"Akasha Holistic Wellbeing Centre, Two-Michelin starred French dining",,"100/1160364","Hotel Cafe Royal","51.51020050048828","-0.1363299936056137","6083","5","9.4"
,,"22","2026-09-19",,,,,"London",,,"2026-09-20","1.6 miles to Trafalgar Square","51","5970",,"Victorian Gothic architectural views, Authentic Italian dining",,"100/2296018","Kings Cross Inn Hotel","51.530181884765625","-0.12281999737024307","12515","3","6.0"
,,"11","2026-09-19",,,,,"London",,,"2026-09-20","1.1 miles to Tower Bridge","34","3960",,"Modern utilitarian high-rise stay, Proximity to the Elizabeth Line",,"100/2289816","ibis budget London Whitechapel - Brick Lane","51.51765060424805","-0.06479000300168991","8391","2","8.0"
,,"8","2026-09-19",,,,,"London",,,"2026-09-20","0.6 miles to Buckingham Palace","69","8075",,"Thyme restaurant and bar, Victorian heritage architecture",,"100/48138","Premier Inn London Victoria","51.493019104003906","-0.14295999705791473","10529","3","8.3"
,,"11","2026-09-19",,,,,"London",,,"2026-09-20","1.1 miles to City centre","1223","142293",,"",,"100/42781520","The Chancery Rosewood","51.511199951171875","-0.15318000316619873","465","5","8.3"
,,"24","2026-09-19",,,,,"London",,,"2026-09-20","0.6 miles to Buckingham Palace","236","27472",,"Bamford Wellness Spa, Eco-luxury guest quarters",,"100/46240","1 Hotel Mayfair","51.5075798034668","-0.1422100067138672","2561","5","9.3"
,,"14","2026-09-19",,,,,"London",,,"2026-09-20","1.2 miles to City centre","53","6128",,"Victoria Station transport hub access, Personalized luggage storage service",,"100/13409070","Romany House Hotel","51.49224090576172","-0.14112000167369843","993","3","7.6"
,,"21","2026-09-19",,,,,"London",,,"2026-09-20","0.7 miles to Tower Bridge","104","12117",,"Panoramic floor-to-ceiling windows, Contemporary award-winning design",,"100/844826","Marlin Apartments London Bridge - Empire Square","51.500919342041016","-0.0910400003194809","6138","4","8.1"
,,"24","2026-09-19",,,,,"London","1990",,"2026-09-20","1.0 miles to Trafalgar Square","99","11570",,"Historic Fitzrovia heritage building, Proximity to iconic London landmarks",,"100/46529","Gem Langham Court Hotel","51.51921081542969","-0.14121000468730927","4837","4","7.5"
,,"16","2026-09-19",,,,,"London",,,"2026-09-20","1.8 miles to Tower Bridge","39","4554",,"Riverside terrace dining at Columbia, Convenient on-site underground parking",,"100/13845","a&o London Docklands Riverside","51.50419998168945","-0.03386000171303749","15427","4","7.8"
,,"17","2026-09-19",,,,,"London",,,"2026-09-20","0.9 miles to Buckingham Palace","112","13020",,"Top-floor terrace views, Victorian heritage architecture",,"100/436221","St George's Hotel","51.488548278808594","-0.13933999836444855","6566","3","6.2"
,,"20","2026-09-19",,,,,"London","2015",,"2026-09-20","0.7 miles to Buckingham Palace","115","13386",,"Private Eccleston Square garden access, High-tech urban cocoon concept",,"100/1885985","Eccleston Square Hotel","51.49113845825195","-0.14497999846935272","2920","4","8.7"
,,"14","2026-09-19",,,,,"London",,,"2026-09-20","0.7 miles to Hyde Park","70","8186",,"Georgian townhouse architecture, Cycling friendly area",,"100/1344266","Amber Residence","51.51792907714844","-0.15764999389648438","1204","2","7.7"
,,"21","2026-09-19",,,,,"London",,,"2026-09-20","0.9 miles to Trafalgar Square","100","11624",,"Charming Victorian redbrick facade, Effortless transport connections",,"100/47688","voco London – Bloomsbury by IHG","51.520931243896484","-0.12317000329494476","6616","4","7.8"
,,"6","2026-09-19",,,,,"London",,,"2026-09-20","2.2 miles to City centre","69","8030",,"Panoramic city view rooms, Bar + Block Steakhouse",,"100/28108262","Premier Inn London Paddington (Paddington Basin) hotel","51.519779205322266","-0.17385999858379364","3153","3","8.0"
,,"21","2026-09-19",,,,,"London",,,"2026-09-20","1.5 miles to Trafalgar Square","110","12825",,"Boutique 1970s-inspired design, Modern fitness studio",,"100/46552","Malmaison London","51.52080154418945","-0.1003900021314621","5974","4","8.6"
,,"19","2026-09-19",,,,,"London",,,"2026-09-20","1.0 miles to City centre","209","24335",,"Art-centric design and curated spaces, State-of-the-art fitness center",,"100/10463334","Bankside Hotel, Autograph Collection","51.507911682128906","-0.10527999699115753","2400","4","9.6"
,,"16","2026-09-19",,,,,"London",,,"2026-09-20","1.2 miles to City centre","69","8040",,"Purpose-built jewellery district stay, Two-story executive suites",,"100/28098462","Hatton Garden Hotel","51.51982879638672","-0.10852000117301941","2845","4","8.4"
,,"16","2026-09-19",,,,,"London",,,"2026-09-20","0.7 miles to Trafalgar Square","237","27609",,"In-room spa treatments, Unique apartment designs",,"100/47184","No.5 Maddox Street","51.51335144042969","-0.14153000712394714","1683","4","8.7"
,,"20","2026-09-19",,,,,"London",,,"2026-09-20","0.7 miles to Trafalgar Square","129","15041",,"Family-run Georgian townhouse charm, Tottenham Court Road connectivity",,"100/783266","Morgan Hotel","51.51808166503906","-0.12758000195026398","4160","3","7.8"
,,"21","2026-09-19",,,,,"London",,,"2026-09-20","0.9 miles to Buckingham Palace","137","15906",,"Sloane Square and Holy Trinity views, Library-themed elevator design",,"100/48024","Sloane Square Hotel","51.492919921875","-0.15719999372959137","5524","4","8.5"
,,"14","2026-09-19",,,,,"London",,,"2026-09-20","0.8 miles to City centre","87","10141",,"Unwined restaurant and wine bar, Vibrant Lower Marsh Market access",,"100/10063322","Stow Away Waterloo","51.500179290771484","-0.11409000307321548","1893","3","7.6"
,,"23","2026-09-19",,,,,"London",,,"2026-09-20","1.3 miles to Trafalgar Square","104","12073",,"Eastern Mediterranean dining at Adeline, Bloomsbury Set literary heritage",,"100/12672","The Memoir Club","51.52666091918945","-0.1296200007200241","7766","4","7.9"
,,"15","2026-09-19",,,,,"London",,,"2026-09-20","1.5 miles to City centre","47","5470",,"Traditional Georgian townhouse charm, Prime King's Cross connectivity",,"100/31657424","Argyle Square Hotel","51.528900146484375","-0.12154000252485275","3574","3","7.0"
,,"23","2026-09-19",,,,,"London",,,"2026-09-20","1.3 miles to Trafalgar Square","200","23319",,"Heated indoor basement pool, Booking Office 1869 restaurant",,"100/1715765","St. Pancras London, Autograph Collection","51.52973175048828","-0.12590999901294708","12856","5","8.5"
,,"19","2026-09-19",,,,,"London",,,"2026-09-20","0.3 miles to Hyde Park","75","8714",,"Norfolk Square garden views, Victorian townhouse heritage",,"100/149137","Tudor Court Hotel","51.51585006713867","-0.1740799993276596","6570","3","8.1"
,,"20","2026-09-19",,,,,"London","1899",,"2026-09-20","0.8 miles to Buckingham Palace","56","6512",,"Stair-access guest rooms, Traditional Victorian townhouse stay",,"100/47412","Carlton Hotel","51.49007034301758","-0.1378300040960312","2920","2","6.4"
,,"24","2026-09-19",,,,,"London",,,"2026-09-20","1.3 miles to Trafalgar Square","66","7656",,"Global entertainment technology, Whirlpool bathtub suites",,"100/5179220","The Bryson Hotel","51.522178649902344","-0.10886000096797943","1886","4","7.5"
,,"21","2026-09-19",,,,,"London",,,"2026-09-20","1.7 miles to City centre","103","12020",,"Chic Chelsea boutique identity, Tranquil wellness facilities",,"100/12437154","Sloane Place","51.490291595458984","-0.15719999372959137","2737","4","8.8"
,,"8","2026-09-19",,,,,"London",,,"2026-09-20","1.2 miles to Tower Bridge","72","8379",,"Variety of dining options, Historic former choirboys' school building",,"100/672161","YHA London St Paul's","51.51314163208008","-0.10036999732255936","6014","3","8.0"
,,"23","2026-09-19",,,,,"London","2010",,"2026-09-20","1.4 miles to Buckingham Palace","81","9387",,"Glass-walled indoor swimming pool, Comprehensive thermal spa suite",,"100/787341","Pestana Chelsea Bridge","51.48149871826172","-0.14823000133037567","13194","4","8.6"
,,"20","2026-09-19",,,,,"London",,,"2026-09-20","0.7 miles to Hyde Park","130","15125",,"Steak & Lobster restaurant, In-room spa treatments",,"100/12650","Guild Hotel Marble Arch","51.51445007324219","-0.15549999475479126","6882","4","7.6"
,,"19","2026-09-19",,,,,"London","1907",,"2026-09-20","0.5 miles to Trafalgar Square","487","56637",,"Whimsical Charlie and the Chocolate Factory afternoon tea, In-house floral artistry",,"100/48162","One Aldwych","51.51179122924805","-0.11934000253677368","3204","5","9.5"
,,"15","2026-09-19",,,,,"London","2013",,"2026-09-20","1.1 miles to Big Ben","40","4654",,"Family-friendly stay policies, Convenient US Embassy proximity",,"100/2888703","Travelodge London Vauxhall","51.48558044433594","-0.12387999892234802","7945","3","7.7"
,,"19","2026-09-19",,,,,"London","1913",,"2026-09-20","0.5 miles to Buckingham Palace","160","18654",,"Madison Restaurant international dining, State-of-the-art fitness studio",,"100/46613","Washington Mayfair Hotel","51.507240295410156","-0.14608000218868256","4876","4","7.7"
,,"23","2026-09-19",,,,,"London",,,"2026-09-20","0.6 miles to Buckingham Palace","529","61562",,"Rooftop swimming pool with city views, La Môme French Riviera dining",,"100/48021","The Berkeley","51.50185012817383","-0.15605999529361725","4172","5","9.2"
,,"7","2026-09-19",,,,,"London",,,"2026-09-20","2.3 miles to City centre","67","7797",,"Modern city-hub concept, Paddington Station proximity",,"100/39096020","Premier Inn London Paddington - Paddington Station","51.51649856567383","-0.17839999496936798","1185","3","8.4"
,,"5","2026-09-19",,,,,"Camden",,,"2026-09-20","Camden, 2.2 miles to London","67","7797",,"Upper floor London skyline views, Smart-tech compact room design",,"100/36274266","Hub by Premier Inn London Camden","51.53725051879883","-0.14147000014781952","567","3","8.9"
,,"21","2026-09-19",,,,,"London","1998",,"2026-09-20","1.1 miles to Trafalgar Square","163","18971",,"Chinese Cricket Club specialty dining, Historic Bridewell Palace grounds",,"100/32783","Hyatt Regency London Blackfriars","51.5122184753418","-0.10462000221014023","3073","5","8.9"
,,"10","2026-09-19",,,,,"London",,,"2026-09-20","1.8 miles to City centre","66","7719",,"Smart-tech room control system, Exceptional King's Cross connectivity",,"100/8018182","Hub By Premier Inn London King's Cross","51.533660888671875","-0.12196999788284302","13406","3","8.8"
,,"20","2026-09-19",,,,,"London","2012",,"2026-09-20","1.6 miles to Trafalgar Square","59","6812",,"Central King's Cross transport hub, Renovated 24-hour guest lounge",,"100/2269834","Point A Hotel London Kings Cross – St Pancras","51.52885055541992","-0.11939000338315964","25006","3","8.0"
,,"20","2026-09-19",,,,,"London",,,"2026-09-20","1.4 miles to Trafalgar Square","53","6177",,"Historic Georgian townhouse charm, St Pancras International proximity",,"100/152928","Wardonia Hotel Kings Cross","51.52851104736328","-0.12320999801158905","5474","2","7.1"
,,"15","2026-09-19",,,,,"London","1867",,"2026-09-20","1.0 miles to City centre","178","20704",,"Authentic London street views, Georgian townhouse heritage stay",,"100/5522472","Ridgemount Hotel","51.521820068359375","-0.13224999606609344","6167","2","8.8"
,,"11","2026-09-19",,,,,"London",,,"2026-09-20","0.6 miles to Buckingham Palace","659","76662",,"Michelin-starred British cuisine, Historic Mayfair elegance",,"100/98770","Brown's Hotel","51.50912857055664","-0.14211000502109528","4356","5","9.4"
,,"22","2026-09-19",,,,,"London","1997",,"2026-09-20","1.0 miles to Big Ben","84","9822",,"Versatile family room options, Vibrant South Bank location",,"100/46832","Holiday Inn Express London - Southwark by IHG","51.50613021850586","-0.10217999666929245","12591","3","8.4"
,,"14","2026-09-19",,,,,"London",,,"2026-09-20","1.4 miles to City centre","126","14663",,"Elizabeth Line transport links, Modernized fitness studio",,"100/35851562","Thistle London Park Lane","51.514320373535156","-0.159170001745224","4934","4","8.6"
,,"17","2026-09-19",,,,,"London",,,"2026-09-20","0.5 miles to Trafalgar Square","272","31634",,"Lavishly restored 18th-century luxury, Prime Soho location",,"100/47192","Hazlitt's","51.51435852050781","-0.13184000551700592","2851","4","9.1"
,,"22","2026-09-19",,,,,"London","1912",,"2026-09-20","0.8 miles to Buckingham Palace","634","73847",,"Seventeen-meter indoor lap pool, Two-Michelin-starred British dining",,"100/46322","Mandarin Oriental Hyde Park, London","51.50212860107422","-0.15998999774456024","4112","5","9.3"
,,"22","2026-09-19",,,,,"London",,,"2026-09-20","1.7 miles to City centre","154","17878",,"RAILS Restaurant and Little Bar, Off-site fitness center access",,"100/10379172","Kaya Great Northern Hotel","51.531070709228516","-0.12462999671697617","6202","5","8.7"
,,"22","2026-09-19",,,,,"London",,,"2026-09-20","1.7 miles to City centre","288","33512",,"Exclusive rooftop pool access, Grand Banking Hall dining",,"100/5961642","The Ned","51.51361846923828","-0.09013000130653381","11263","5","8.9"
,,"20","2026-09-19",,,,,"London","1967",,"2026-09-20","0.1 miles to Hyde Park","210","24436",,"Panoramic Hyde Park views, Award-winning Nipa Thai dining",,"100/47126","Royal Lancaster London","51.512298583984375","-0.17520000040531158","14439","5","9.4"
,,"19","2026-09-19",,,,,"London","1998",,"2026-09-20","1.4 miles to Trafalgar Square","68","7937",,"Georgian townhouse studio apartments, Euston Square transport hub access",,"100/2341022","Studios2Let - North Gower","51.527061462402344","-0.1373099982738495","6213","3","7.6"
,,"15","2026-09-19",,,,,"London",,,"2026-09-20","1.3 miles to Tower Bridge","51","5893",,"Bar 60 restaurant and lounge, Historic 18th-century building",,"100/2197824","Safestay London Elephant & Castle","51.490760803222656","-0.0976099967956543","15335","3","7.5"
,,"15","2026-09-19",,,,,"London",,,"2026-09-20","1.2 miles to City centre","88","10211",,"Iconic London Eye city views, Victorian townhouse boutique charm",,"100/6563264","The Beverley Hotel London - Victoria","51.49225997924805","-0.14187000691890717","2670","3","8.4"
,,"9","2026-09-19",,,,,"London",,,"2026-09-20","1.4 miles to Trafalgar Square","141","16409",,"Boutique apartment-style living, Quiet Argyle Street sanctuary",,"100/149055","The Suites – St Pancras Hotel Group","51.52894973754883","-0.12324000149965286","1280","4","9.2"
,,"18","2026-09-19",,,,,"London",,,"2026-09-20","1.2 miles to City centre","152","17707",,"Gourmet dining at Found, Eclectic City of London escape",,"100/27995192","Lost Property St Pauls London, Curio Collection By Hilton","51.51372146606445","-0.10107000172138214","3487","4","9.3"
,,"17","2026-09-19",,,,,"London",,,"2026-09-20","0.7 miles to Buckingham Palace","721","83861",,"Michelin-starred dining, Art collection and grand staircase",,"100/32720","The Connaught","51.510250091552734","-0.1498199999332428","4701","5","9.6"
,,"17","2026-09-19",,,,,"London",,,"2026-09-20","0.3 miles to City centre","214","24877",,"Rooms with St Paul's Churchyard views, Henri restaurant and bar",,"100/6696124","Henrietta Experimental","51.510929107666016","-0.12376999855041504","2122","4","9.3"
,,"21","2026-09-19",,,,,"London",,,"2026-09-20","1.0 miles to Trafalgar Square","208","24210",,"Marylebone and Mayfair boutique style, In-room spa treatments",,"100/12644","Radisson Blu Hotel, London Bond Street","51.514739990234375","-0.14848999679088593","8641","4","7.7"
,,"23","2026-09-19",,,,,"London",,,"2026-09-20","1.0 miles to Tower Bridge","86","9976",,"Marco Pierre White New York Italian, Cultural Bankside flagship identity",,"100/46317","Mercure London Bankside","51.505401611328125","-0.099310003221035","5790","4","8.6"
,,"20","2026-09-19",,,,,"London","1",,"2026-09-20","1.3 miles to Trafalgar Square","85","9871",,"Piccadilly line airport access, Charming Victorian crescent setting",,"100/82542","George Hotel","51.52613830566406","-0.12635000050067902","5104","3","8.0"
,,"22","2026-09-19",,,,,"London",,,"2026-09-20","0.8 miles to Tower Bridge","107","12471",,"Iconic Shard and city views, Secure on-site private parking",,"100/46850","ibis Styles London Southwark - near Borough Market","51.505760192871094","-0.09508000314235687","10802","3","8.7"
,,"23","2026-09-19",,,,,"London",,,"2026-09-20","1.5 miles to Trafalgar Square","68","7904",,"Victorian-style transit hub base, Secluded ground floor courtyard",,"100/12665","Crestfield Hotel","51.529788970947266","-0.1224299967288971","9080","3","7.9"
,,"19","2026-09-19",,,,,"London",,,"2026-09-20","1.1 miles to City centre","716","83325",,"British aviation-themed rooftop, Advanced in-room technology",,"100/19141996","The Peninsula London","51.50175094604492","-0.15181000530719757","1467","5","9.4"
,,"21","2026-09-19",,,,,"London",,,"2026-09-20","2.0 miles to City centre","58","6719",,"Bright continental dining room, Victorian townhouse architecture",,"100/24788708","Alexandra Hotel","51.5146598815918","-0.1728699952363968","9816","3","6.7"
,,"8","2026-09-19",,,,,"Kensington",,,"2026-09-20","1.5 miles to Hyde Park","78","9046",,"South-facing landscaped walled garden, Victorian townhouse with modern flair",,"100/149128","The Rockwell","51.494468688964844","-0.19291000068187714","6281","4","8.5"
,,"20","2026-09-19",,,,,"London","1929",,"2026-09-20","0.8 miles to Hyde Park","299","34779",,"Sweeping Hyde Park views, Signature JW Steakhouse cheesecake",,"100/115888","JW Marriott Grosvenor House London","51.50967025756836","-0.15526999533176422","11530","5","8.8"
,,"21","2026-09-19",,,,,"London","1995",,"2026-09-20","0.8 miles to Buckingham Palace","91","10586",,"Upper floor city views, Queen Mother Sports Centre access",,"100/47505","Holiday Inn Express London - Victoria By Ihg","51.48971176147461","-0.1372399926185608","5552","3","7.7"
,,"7","2026-09-19",,,,,"London","1836",,"2026-09-20","0.7 miles to Buckingham Palace","65","7541",,"Historic Georgian townhouse setting, Exclusive Eccleston Square Garden access",,"100/46379","Jubilee Hotel Victoria","51.49140930175781","-0.14531999826431274","3938","4","8.4"
,,"23","2026-09-19",,,,,"London",,,"2026-09-20","0.8 miles to Buckingham Palace","70","8179",,"Victorian townhouse architecture, Short walk to Tate Britain",,"100/47199","Best Western Corona","51.490028381347656","-0.1369899958372116","5767","3","7.5"
,,"9","2026-09-19",,,,,"London","2004",,"2026-09-20","1.7 miles to Trafalgar Square","69","8030",,"Bar + Block King's Cross Steakhouse, Regent’s Canal and Granary Square",,"100/149090","Premier Inn London King's Cross","51.53194046020508","-0.12219999730587006","18066","3","8.4"
,,"20","2026-09-19",,,,,"London","1970",,"2026-09-20","0.7 miles to Hyde Park","229","26646",,"Michelin-starred Italian gastronomy, Sir Winston Churchill inspired design",,"100/15586","Hyatt Regency London - The Churchill","51.51554870605469","-0.15713000297546387","9662","5","8.9"
,,"1","2026-09-19",,,,,"London",,,"2026-09-20","1.8 miles to City centre","40","4654",,"Oval Cricket Ground views, Cricket-themed boutique ambiance",,"100/36914246","Travelodge London Oval Cricket Ground","51.48265075683594","-0.11372999846935272","574",,"9.1"
,,"0","2026-09-19",,,,,"London",,,"2026-09-20","0.6 miles to Big Ben",,,,"Proximity to London attractions, Shared kitchen facilities",,"100/819631","Stamford Street Apartments","51.505428314208984","-0.1117900013923645","1603","3","7.4"
,,"1","2026-09-19",,,,,"London",,,"2026-09-20","0.9 miles to Buckingham Palace","46","5399",,"Award-winning Burger Craft kitchen, Historic flat iron building",,"100/1328653","PubLove at The White Ferry Victoria","51.48902130126953","-0.14670999348163605","10003","2","7.1"
,,"21","2026-09-19",,,,,"London",,,"2026-09-20","0.7 miles to Buckingham Palace","64","7480",,"Victoria Station transport hub, Traditional English breakfast buffet",,"100/435891","Best Western Victoria Palace","51.49161911010742","-0.14154000580310822","6648","3","7.9"
,,"19","2026-09-19",,,,,"London","1991",,"2026-09-20","0.5 miles to Buckingham Palace","754","87709",,"The Lanesborough Grill, Regency-style elegance",,"100/47043","The Lanesborough, Oetker Hotels","51.50265884399414","-0.15272000432014465","2864","5","9.5"
,,"12","2026-09-19",,,,,"London",,,"2026-09-20","1.0 miles to City centre","82","9535",,"Georgian-style architecture, Proximity to British Museum",,"100/40257844","The Marker Hotel","51.52157974243164","-0.13189999759197235","973","3","8.0"
,,"16","2026-09-19",,,,,"London",,,"2026-09-20","0.8 miles to Buckingham Palace","178","20746",,"Family-run Victorian boutique charm, Quiet residential Pimlico setting",,"100/46443","The Windermere Hotel, London","51.49039840698242","-0.14590999484062195","4686","4","8.9"
,,"8","2026-09-19",,,,,"London",,,"2026-09-20","1.1 miles to Big Ben","69","8030",,"Thyme bar and grill, Southwark tube station proximity",,"100/2254474","Premier Inn London Southwark (Tate Modern) hotel","51.50511169433594","-0.10102999955415726","7069","3","8.7"
,,"17","2026-09-19",,,,,"London","2012",,"2026-09-20","0.9 miles to Tower Bridge","21","2409",,"Essential budget-friendly facilities, Central Zone 1 transport links",,"100/2381174","Rest Up London","51.49399185180664","-0.09068000316619873","8873","2","6.5"
,,"0","2026-09-19",,,,,"London",,,"2026-09-20","1.2 miles to City centre",,,,"",,"100/9319962","Kings Cross Central London Location","51.52513122558594","-0.12803000211715698","3822","2","7.7"
,,"7","2026-09-19",,,,,"London",,,"2026-09-20","1.3 miles to Trafalgar Square","69","8030",,"Thyme bar and grill, Strategic transport hub location",,"100/149087","Premier Inn London Euston","51.527610778808594","-0.1292099952697754","16644","3","8.0"
,,"23","2026-09-19",,,,,"London","2000",,"2026-09-20","0.5 miles to Tower Bridge","102","11881",,"Relaxing sauna and hammam, Family-friendly perks and play area",,"100/47597","Novotel London Tower Bridge","51.5107307434082","-0.07733000069856644","12701","4","8.8"
,,"20","2026-09-19",,,,,"London",,,"2026-09-20","0.8 miles to Buckingham Palace","305","35484",,"Gourmet Grill 88 steakhouse, Stately Grosvenor Square residence",,"100/47122","The Biltmore Mayfair","51.510799407958984","-0.15112000703811646","2722","5","8.7"
,,"1","2026-09-19",,,,,"London",,,"2026-09-20","2.2 miles to City centre","45","5236",,"Tower Bridge skyline views, Contemporary Bermondsey base",,"100/36634420","Travelodge London Bermondsey","51.49993896484375","-0.07690999656915665","438",,"8.5"
,,"23","2026-09-19",,,,,"London","1936",,"2026-09-20","1.4 miles to Trafalgar Square","175","20426",,"Arado Mediterranean restaurant, 24-hour designer fitness studio",,"100/3755574","The Level at Melia White House","51.52553176879883","-0.14361999928951263","2237","5","8.9"
,,"19","2026-09-19",,,,,"London",,,"2026-09-20","1.8 miles to Trafalgar Square","106","12325",,"Marco Pierre White Steakhouse, Secure on-site private parking",,"100/47115","DoubleTree by Hilton London Angel Kings Cross","51.53205108642578","-0.10955999791622162","14345","4","8.4"
,,"15","2026-09-19",,,,,"London",,,"2026-09-20","1.5 miles to Trafalgar Square","65","7591",,"Versatile room configurations, Argyle Square garden views",,"100/46408","Macdonald Hotel","51.52915954589844","-0.12302999943494797","4116","2","7.9"
,,"23","2026-09-19",,,,,"London",,,"2026-09-20","0.6 miles to Buckingham Palace","101","11754",,"Victoria Station transport hub access, Renovated Georgian townhouse charm",,"100/18423","Comfort Inn Victoria","51.49309158325195","-0.14428000152111053","6192","3","6.6"
,,"2","2026-09-19",,,,,"London","2006",,"2026-09-20","1.5 miles to Hyde Park","68","7920",,"Earl's Court transport links, Historic townhouse architecture",,"100/152887","The Resident Kensington","51.49309158325195","-0.19008000195026398","2298","4","8.5"
,,"21","2026-09-19",,,,,"London",,,"2026-09-20","0.5 miles to Tower Bridge","98","11416",,"The Lampery floral roof restaurant, Private balcony city views",,"100/98735","Apex City of London Hotel","51.51055908203125","-0.07952000200748444","15903","4","9.1"
,,"17","2026-09-19",,,,,"London",,,"2026-09-20","1.5 miles to City centre","180","20982",,"Mercer Roof Terrace views, Historic trading guild inspiration",,"100/8255534","Vintry & Mercer Hotel - Small Luxury Hotels of the World","51.511329650878906","-0.09385000169277191","5766","5","9.5"
,,"6","2026-09-19",,,,,"London",,,"2026-09-20","0.5 miles to Tower Bridge","69","8030",,"On-site Thyme restaurant, Historic London building setting",,"100/623706","Premier Inn London City - Tower Hill","51.51131820678711","-0.07167000323534012","9511","3","8.5"
,,"22","2026-09-19",,,,,"London",,,"2026-09-20","1.0 miles to Trafalgar Square","130","15178",,"Bloomsbury Group themed decor, Russell Square tube station access",,"100/3813808","Morton Hotel","51.52309036254883","-0.12574000656604767","2517","4","9.1"
,,"3","2026-09-19",,,,,"London",,,"2026-09-20","0.9 miles to City centre","170","19770",,"",,"100/48914910","Bertrand's Townhouse","51.51996994018555","-0.1236800029873848","164","4","9.8"
,,"20","2026-09-19",,,,,"London",,,"2026-09-20","0.3 miles to Tower Bridge","132","15311",,"Iconic Shard and skyline views, Authentic Italian dining at Piccolino",,"100/149079","Hilton London Tower Bridge","51.50455856323242","-0.08258000016212463","12972","4","9.0"
,,"19","2026-09-19",,,,,"London",,,"2026-09-20","0.2 miles to Hyde Park","52","6048",,"Flexible family accommodations, Victorian townhouse architecture",,"100/847021","Linden House Hotel","51.514400482177734","-0.17308999598026276","6457","3","6.9"
,,"19","2026-09-19",,,,,"London",,,"2026-09-20","0.5 miles to Tower Bridge","96","11198",,"Iconic Tower Bridge skyline views, Modern 24-hour fitness studio",,"100/1670405","DoubleTree by Hilton London - Tower of London","51.51087951660156","-0.07810000330209732","22438","4","8.5"
,,"16","2026-09-19",,,,,"Westminster",,,"2026-09-20","Westminster, 1.1 miles to London","294","34215",,"Personalized host service, Modern fitness studio",,"100/33007580","The BoTree London, Curio Collection by Hilton","51.51544952392578","-0.14883999526500702","2817","5","9.1"
,,"19","2026-09-19",,,,,"London",,,"2026-09-20","0.3 miles to Hyde Park","45","5204",,"On-site private parking, Victorian heritage architecture",,"100/18406","Orchard Hotel","51.51654815673828","-0.1708800047636032","4371","3","6.9"
,,"19","2026-09-19",,,,,"London",,,"2026-09-20","0.5 miles to Trafalgar Square","450","52369",,"Refuel Bar and Restaurant, Luxury wellness and beauty room",,"100/47727","The Soho Hotel","51.51398849487305","-0.13375000655651093","4962","5","9.5"
,,"19","2026-09-19",,,,,"London",,,"2026-09-20","2.1 miles to City centre","119","13855",,"Authentic Ayurvedic spa treatments, London Bridge transport links",,"100/6544172","The Lalit London","51.50310134887695","-0.07801999896764755","6674","5","9.0"
,,"8","2026-09-19",,,,,"London",,,"2026-09-20","1.4 miles to Trafalgar Square","71","8263",,"Family-friendly accommodation, Walkable cultural access",,"100/3799660","Premier Inn London St Pancras","51.528568267822266","-0.1268399953842163","16648","3","8.6"
,,"25","2026-09-19",,,,,"London",,,"2026-09-20","2.7 miles to City centre","66","7702",,"Tower Bridge city views, Oscar Wilde inspired design",,"100/26545320","Wilde Aparthotels, London, Aldgate Tower Bridge","51.51491928100586","-0.06491000205278397","6206","4","9.1"
,,"9","2026-09-19",,,,,"London",,,"2026-09-20","0.3 miles to Hyde Park","57","6581",,"Norfolk Square garden views, Communal rooftop terrace",,"100/81858","Falcon Hotel","51.51551818847656","-0.17350000143051147","2439","3","7.2"
,,"19","2026-09-19",,,,,"London","2004",,"2026-09-20","1.5 miles to Trafalgar Square","115","13426",,"Rooftop studios with private patios, Industrial heritage boutique concept",,"100/46869","Marrable's Farringdon Hotel","51.522708892822266","-0.10374999791383743","3157","4","8.7"
,,"19","2026-09-19",,,,,"London",,,"2026-09-20","0.3 miles to Hyde Park","133","15463",,"Refined Art Deco guest rooms, On-site fitness center",,"100/48166","Hilton London Paddington","51.515621185302734","-0.1757500022649765","15570","4","8.0"
,,"18","2026-09-19",,,,,"London",,,"2026-09-20","0.3 miles to Hyde Park","78","9038",,"Sussex Gardens greenery views, Traditional Victorian townhouse stay",,"100/18400","Olympic House Hotel","51.515560150146484","-0.17264999449253082","3736","3","7.5"
,,"21","2026-09-19",,,,,"London",,,"2026-09-20","1.2 miles to Hyde Park","66","7683",,"Upper-floor city panoramas, On-site secure parking",,"100/47065","Copthorne Tara Hotel London Kensington","51.49850082397461","-0.1908400058746338","32690","4","7.5"
,,"11","2026-09-19",,,,,"London",,,"2026-09-20","0.8 miles to City centre","417","48502",,"Hyde Park recreational activities, Green Park proximity",,"100/5442148","Park Lane Apartments - Clarges Street","51.506919860839844","-0.14539000391960144","1130","4","7.8"
,,"18","2026-09-19",,,,,"London",,,"2026-09-20","0.4 miles to Trafalgar Square","414","48180",,"Brasserie Max restaurant and bar, Kit Kemp's signature interior design",,"100/47181","Covent Garden Hotel","51.51456832885742","-0.1271200031042099","2690","5","9.5"
,,"16","2026-09-19",,,,,"London",,,"2026-09-20","0.6 miles to Hyde Park","53","6198",,"Hyde Park and Kensington Palace, Historic Victorian townhouse charm",,"100/1148894","Royal Park Hotel","51.513389587402344","-0.1863500028848648","4852","3","7.2"
,,"10","2026-09-19",,,,,"London",,,"2026-09-20","2.7 miles to City centre","55","6363",,"Boutique Shoreditch design concept, Bethnal Green transport links",,"100/42676642","Aimi Luxury Residence","51.52519989013672","-0.07124000042676926","127","4","8.2"
,,"13","2026-09-19",,,,,"London","1903",,"2026-09-20","0.8 miles to City centre","130","15168",,"Green Park tube station access, Quad rooms for families",,"100/8962230","Mayfair Residences","51.506710052490234","-0.14701999723911285","824","2","7.4"
,,"14","2026-09-19",,,,,"London",,,"2026-09-20","2.0 miles to City centre","99","11486",,"Family-friendly room options, Prime central London location",,"100/43687986","Líbere London Edgware Road","51.519290924072266","-0.16856999695301056","740","3","8.1"
,,"18","2026-09-19",,,,,"London",,,"2026-09-20","2.1 miles to City centre","97","11293",,"Oscar Wilde inspired boutique design, Premium wellness and fitness studio",,"100/26563446","Wilde Aparthotels, London, Paddington","51.519588470458984","-0.17332999408245087","11259","4","9.4"
,,"24","2026-09-19",,,,,"London",,,"2026-09-20","0.3 miles to Hyde Park","90","10466",,"Communal garden views, Victorian charm with modern flair",,"100/47691","Norfolk Towers Paddington Hotel","51.516300201416016","-0.17197999358177185","13174","4","8.0"
,,"21","2026-09-19",,,,,"London",,,"2026-09-20","2.0 miles to City centre","51","5951",,"Sussex Gardens street views, Hyde Park leisure access",,"100/8222176","White House Hotel","51.51628112792969","-0.17127999663352966","5562","3","6.8"
,,"19","2026-09-19",,,,,"London",,,"2026-09-20","0.5 miles to Hyde Park","59","6845",,"Sussex Gardens tree-lined views, Family-run Victorian townhouse",,"100/81680","Albro House Hotel","51.51483917236328","-0.17274999618530273","1996","2","7.5"
,,"22","2026-09-19",,,,,"London",,,"2026-09-20","2.2 miles to City centre","78","9070",,"Iconic Tower of London views, Curated art and design library",,"100/5925334","citizenM Tower of London","51.51021957397461","-0.0764399990439415","21227","4","8.9"
,,"22","2026-09-19",,,,,"London",,,"2026-09-20","0.7 miles to Hyde Park","87","10075",,"Heated indoor swimming pool, Gourmet Bar and Restaurant",,"100/900299","Novotel London Paddington","51.5190315246582","-0.18253999948501587","10022","4","8.4"
,,"18","2026-09-19",,,,,"London",,,"2026-09-20","1.2 miles to Buckingham Palace","67","7747",,"Authentic Argentinian and Japanese dining, Chic Kensington and Chelsea base",,"100/149047","Chelsea Cloisters","51.49266052246094","-0.16714000701904297","15556","3","7.4"
,,"19","2026-09-19",,,,,"London",,,"2026-09-20","0.2 miles to Hyde Park","45","5192",,"Multi-guest family rooms, Private city view balconies",,"100/1216900","Lancaster Court Hotel","51.513980865478516","-0.17533999681472778","2924","3","6.4"
,,"18","2026-09-19",,,,,"London",,,"2026-09-20","0.9 miles to Trafalgar Square","164","19080",,"Exclusive Small Luxury Hotels membership, Inviting library and lounge spaces",,"100/47366","The Academy - Small Luxury Hotels of the World","51.52061080932617","-0.13075000047683716","3453","5","8.3"
,,"9","2026-09-19",,,,,"London",,,"2026-09-20","1.3 miles to City centre","206","23949",,"Boutique period building design, Victoria neighborhood location",,"100/19083140","The Warwick By Nestor","51.49126052856445","-0.14279000461101532","791","4","6.9"
,,"14","2026-09-19",,,,,"London","1900",,"2026-09-20","1.5 miles to Trafalgar Square","46","5331",,"Unique room murals, Proximity to cultural landmarks",,"100/47410","Central Hotel","51.529178619384766","-0.12391000241041183","6175","2","7.8"
,,"16","2026-09-19",,,,,"London","1867",,"2026-09-20","1.2 miles to Trafalgar Square","78","9136",,"Shared and ensuite room variety, Versatile family accommodations",,"100/106567","St Athans Hotel","51.52518844604492","-0.12639999389648438","4948","2","8.0"
,,"23","2026-09-19",,,,,"London","1973",,"2026-09-20","1.2 miles to Hyde Park","117","13633",,"24-hour high-spec fitness center, Unique two-story duplex family rooms",,"100/149060","Danubius Hotel Regents Park","51.529598236083984","-0.1687600016593933","10995","4","8.4"
,,"21","2026-09-19",,,,,"London",,,"2026-09-20","0.5 miles to Tower Bridge","106","12381",,"Rena health and leisure club, Mediterranean-inspired grill dining",,"100/1819741","Leonardo Royal Hotel London Tower Bridge","51.51177978515625","-0.07152000069618225","24126","4","8.7"
,,"22","2026-09-19",,,,,"London","2008",,"2026-09-20","0.5 miles to Buckingham Palace","97","11325",,"UNI Japanese restaurant, James Bond themed photography",,"100/46444","The Tophams Hotel","51.495731353759766","-0.14771999418735504","5301","4","6.4"
,,"14","2026-09-19",,,,,"London",,,"2026-09-20","1.0 miles to City centre","125","14591",,"The Idler restaurant and bar, Tranquil wellness center",,"100/41439500","The July London Victoria","51.494911193847656","-0.14124999940395355","1675","4","9.6"
,,"17","2026-09-19",,,,,"London","2006",,"2026-09-20","0.5 miles to Hyde Park","70","8188",,"Historic Bayswater building, Excellent transport connections",,"100/2075808","Smart Hyde Park View","51.51176834106445","-0.18292999267578125","14029","2","7.6"
,,"19","2026-09-19",,,,,"London",,,"2026-09-20","1.2 miles to Trafalgar Square","52","6092",,"Prime central London location, Convenient self check-in process",,"100/925457","City Inn Russell Square","51.52547073364258","-0.1256999969482422","1875","3","6.7"
,,"16","2026-09-19",,,,,"London",,,"2026-09-20","2.2 miles to City centre","77","8922",,"Contemporary East End base, Modern 24-hour fitness center",,"100/34528488","Hampton By Hilton London Old Street","51.52885055541992","-0.09038999676704407","3475","3","8.5"
,,"14","2026-09-19",,,,,"London",,,"2026-09-20","2.0 miles to City centre","88","10203",,"Victorian townhouse heritage stay, Paddington Station proximity",,"100/9464786","The Darlington Hyde Park","51.51557922363281","-0.1713699996471405","6012","3","8.6"
,,"9","2026-09-19",,,,,"London",,,"2026-09-20","1.5 miles to City centre","60","6985",,"Southwark district central location, Shared bathroom facilities",,"100/37967968","Borough High Street Rooms","51.501190185546875","-0.09373000264167786","1270","3","8.6"
,,"2","2026-09-19",,,,,"London",,,"2026-09-20","1.2 miles to City centre","86","9986",,"Boutique hotel experience, Migration Museum at The Workshop",,"100/48851878","The Prince Hotel Vauxhall Central London Riverside","51.490928649902344","-0.11710000038146973","350","3","8.0"
,,"3","2026-09-19",,,,,"London",,,"2026-09-20","1.3 miles to City centre","79","9194",,"Greenery-inspired decor, Compact, efficient room design",,"100/41501192","Four Points Flex by Sheraton London Euston","51.52648162841797","-0.12939000129699707","2569","2","7.7"
,,"19","2026-09-19",,,,,"London",,,"2026-09-20","0.2 miles to Hyde Park","60","7014",,"Deluxe rooms with Jacuzzi baths, Private balconies with garden views",,"100/1145927","Rhodes Hotel","51.513999938964844","-0.17417000234127045","6144","3","7.7"
,,"15","2026-09-19",,,,,"London",,,"2026-09-20","1.2 miles to City centre","127","14805",,"High-spec tech and amenities, State-of-the-art fitness studio",,"100/36532470","Hyde London City","51.516258239746094","-0.10242000222206116","1356","4","9.0"
,,"21","2026-09-19",,,,,"London","1",,"2026-09-20","0.9 miles to Tower Bridge","104","12118",,"Mansion House transport links, Contemporary City of London apartments",,"100/903827","Marlin Apartments London City - Queen Street","51.51171112060547","-0.09297999739646912","4352","4","8.0"
,,"19","2026-09-19",,,,,"London",,,"2026-09-20","0.5 miles to Hyde Park","134","15628",,"Unique duplex suites, Modernized fitness center",,"100/2309968","DoubleTree by Hilton London - Marble Arch","51.51462173461914","-0.15658999979496002","5250","4","7.6"
,,"20","2026-09-19",,,,,"London","1999",,"2026-09-20","2.3 miles to Hyde Park","95","11045",,"Recently refurbished guest rooms, Camden Town transport links",,"100/47796","Holiday Inn London Camden Lock by IHG","51.54048156738281","-0.1460999995470047","11428","4","8.7"
,,"9","2026-09-19",,,,,"London",,,"2026-09-20","2.0 miles to City centre","67","7797",,"Panoramic Shard and Thames views, Seamless transport connections",,"100/7196242","hub by Premier Inn London Tower Bridge hotel","51.509368896484375","-0.08111000061035156","6719","3","8.8"
,,"23","2026-09-19",,,,,"London","1972",,"2026-09-20","0.5 miles to Hyde Park","152","17712",,"Upper floor skyline views, Convenient Paddington transport links",,"100/48152","London Marriott Hotel Marble Arch","51.51639938354492","-0.1638299971818924","6096","4","7.9"
,,"17","2026-09-19",,,,,"London",,,"2026-09-20","0.1 miles to Trafalgar Square","432","50275",,"Subterranean swimming pool with bar, Brumus Bar and Restaurant",,"100/158384","Haymarket Hotel, Firmdale Hotels","51.508331298828125","-0.13104000687599182","2955","5","9.6"
,,"20","2026-09-19",,,,,"London","2016",,"2026-09-20","2.1 miles to City centre","176","20504",,"Versace-tiled indoor swimming pool, Aviary rooftop terrace and restaurant",,"100/5611046","Montcalm Royal London House, Autograph Collection","51.521671295166016","-0.0855799987912178","17300","5","8.9"
,,"20","2026-09-19",,,,,"London",,,"2026-09-20","0.6 miles to Hyde Park","71","8255",,"Victorian townhouse conversion, Multi-line transport connectivity",,"100/18419","Comfort Inn Hyde Park","51.51097106933594","-0.18526999652385712","4261","3","7.2"
,,"16","2026-09-19",,,,,"London",,,"2026-09-20","0.8 miles to Hyde Park","40","4654",,"Wembley Stadium connection, Central Marylebone hub identity",,"100/149135","Travelodge London Central Marylebone","51.52210998535156","-0.16414999961853027","3548","3","7.2"
,,"20","2026-09-19",,,,,"London","1890",,"2026-09-20","1.1 miles to Hyde Park","144","16770",,"Marylebone neighborhood setting, Charming small library",,"100/46909","Hotel La Place","51.52151870727539","-0.15327000617980957","1635","4","7.9"
,,"19","2026-09-19",,,,,"London","1939",,"2026-09-20","1.2 miles to Hyde Park","73","8553",,"Family-friendly swimming facilities, Convenient on-site parking",,"100/46303","Holiday Inn London - Kensington High St. By Ihg","51.498809814453125","-0.19197000563144684","27201","4","7.8"
,,"21","2026-09-19",,,,,"London","1972",,"2026-09-20","0.6 miles to Hyde Park","64","7490",,"Basement-level luxury rooms, Queensway transport connections",,"100/47665","Central Park Hotel","51.51124954223633","-0.18538999557495117","23141","3","6.3"
,,"20","2026-09-19",,,,,"London","2012",,"2026-09-20","2.3 miles to Buckingham Palace","77","8968",,"Central London transport links, Battersea Park greenery access",,"100/2438503","Axiom Park Hotel","51.47438049316406","-0.15707999467849731","3919","4","6.7"
,,"22","2026-09-19",,,,,"London",,,"2026-09-20","2.1 miles to City centre","312","36343",,"Family-focused treasure hunts, Straits Kitchen Singaporean dining",,"100/24816356","Pan Pacific London","51.51642990112305","-0.08038000017404556","4599","5","9.6"
,,"21","2026-09-19",,,,,"London","1",,"2026-09-20","0.7 miles to Tower Bridge","102","11881",,"Refined Gaucho steakhouse dining, Modern 24-hour fitness center",,"100/47774","Club Quarters Hotel London City, London","51.51279830932617","-0.08479999750852585","6549","4","8.4"
,,"23","2026-09-19",,,,,"London","1900",,"2026-09-20","0.3 miles to Hyde Park","65","7597",,"Georgian-style building in quiet area, Family-friendly accommodations",,"100/18416","Nayland Hotel","51.51573181152344","-0.17242999374866486","7503","3","7.4"
,,"4","2026-09-19",,,,,"London",,,"2026-09-20","2.6 miles to City centre","65","7529",,"Chic West End boutique concept, Kensington Gardens proximity",,"100/28373228","NOX Hyde Park","51.513458251953125","-0.18751999735832214","7583","4","8.3"
,,"21","2026-09-19",,,,,"London",,,"2026-09-20","0.5 miles to Hyde Park","40","4709",,"Historic Georgian townhouse charm, Flexible multi-bed family rooms",,"100/82409","Marble Arch Inn","51.51511001586914","-0.16155000030994415","4633","2","6.4"
,,"22","2026-09-19",,,,,"London",,,"2026-09-20","1.3 miles to Trafalgar Square","75","8781",,"Euston Station transport hub access, Extensive basement fitness studio",,"100/2627686","The Wesley Euston","51.526641845703125","-0.13569000363349915","9210","4","7.7"
,,"6","2026-09-19",,,,,"London",,,"2026-09-20","1.7 miles to Tower Bridge","69","8036",,"Skyline views from Premier Plus rooms, Modern on-site bar and grill",,"100/2097608","Premier Inn London City - Old Street","51.527469635009766","-0.0876300036907196","11785","3","8.3"
,,"21","2026-09-19",,,,,"London","1920",,"2026-09-20","0.6 miles to Tower Bridge","105","12192",,"PureGym fitness access, Tower of London proximity",,"100/46551","The Chamberlain Hotel","51.512229919433594","-0.07568000257015228","8355","4","8.9"
,,"19","2026-09-19",,,,,"London",,,"2026-09-20","2.6 miles to City centre","65","7593",,"PocketSquare skyline bar and terrace, Authentic Sicilian dining at Sotto",,"100/23993806","Hyatt Place London City East","51.51694869995117","-0.06843999773263931","7021","4","8.7"
,,"16","2026-09-19",,,,,"London",,,"2026-09-20","1.2 miles to Hyde Park","119","13845",,"Individually designed bespoke rooms, Indulgent spa suite hot tub",,"100/47114","The Exhibitionist Hotel","51.49477005004883","-0.17768999934196472","5981","5","8.6"
,,"1","2026-09-19",,,,,"London",,,"2026-09-20","0.4 miles to City centre","229","26636",,"Leicester Square Underground access, Fully equipped kitchen",,"100/23846532","West Street By Q Apartments","51.513328552246094","-0.12863999605178833","253","3","8.1"
,,"23","2026-09-19",,,,,"London","2019",,"2026-09-20","2.0 miles to City centre","89","10387",,"Vibrant British pub restaurant, Artistic rooms with quirky details",,"100/12503654","nhow London","51.52901840209961","-0.09678000211715698","6612","4","9.2"
,,"7","2026-09-19",,,,,"London",,,"2026-09-20","1.4 miles to City centre","78","9070",,"King's Cross neighborhood location, Georgian crescent architecture",,"100/38587532","Studios2Let Bloomsbury","51.52714157104492","-0.12761999666690826","17481","4","8.0"
,,"19","2026-09-19",,,,,"London",,,"2026-09-20","1.3 miles to Trafalgar Square","80","9293",,"Historic Georgian townhouse charm, Cartwright Gardens tennis access",,"100/81700","Mentone Hotel","51.52619171142578","-0.12669000029563904","5613","3","8.0"
,,"17","2026-09-19",,,,,"London",,,"2026-09-20","2.0 miles to City centre","169","19704",,"Heated rooftop infinity pool, Portuguese gastronomy at JOIA",,"100/31603920","art'otel London Battersea Power Station","51.48040008544922","-0.14459000527858734","6520","5","9.0"
,,"3","2026-09-19",,,,,"London","1996",,"2026-09-20","1.0 miles to Hyde Park","68","7869",,"Modern and contemporary design, Family-friendly accommodation options",,"100/630196","146 Studios","51.523780822753906","-0.1604200005531311","3509","4","7.1"
,,"18","2026-09-19",,,,,"London",,,"2026-09-20","0.9 miles to Hyde Park","194","22550",,"Quintessentially British charm, Access to nearby fitness facilities",,"100/149065","Durrants Hotel","51.518001556396484","-0.1532299965620041","3373","4","8.4"
,,"0","2026-09-19",,,,,"London",,,"2026-09-20","0.7 miles to City centre",,,,"",,"100/46970960","Westminster Apartments by D'Montrio","51.496910095214844","-0.13161000609397888","49","4","9.3"
,,"9","2026-09-19",,,,,"London",,,"2026-09-20","0.7 miles to Tower Bridge","69","8030",,"London Bridge transport links, Historic Anchor pub neighbor",,"100/1387918","Premier Inn London Southwark (Bankside)","51.507118225097656","-0.09299000352621078","4950","3","8.8"
,,"23","2026-09-19",,,,,"London","1900",,"2026-09-20","0.9 miles to Hyde Park","63","7329",,"Versatile family room configurations, Princes Square garden views",,"100/18388","Park Avenue Bayswater Inn Hyde Park","51.51271057128906","-0.19183999300003052","8090","4","7.3"
,,"0","2026-09-19",,,,,"London",,,"2026-09-20","1.6 miles to Tower Bridge",,,,"Budget-friendly central London accommodation, Hoxton Market area setting",,"100/630346","Alexander Fleming Halls of Residence","51.527198791503906","-0.08298999816179276","703","1","7.8"
,,"15","2026-09-19",,,,,"Hackney",,,"2026-09-20","Hackney, 3.8 miles to London","58","6804",,"Budget-friendly Hackney base, London Fields transport links",,"100/5143358","City Inn Express Hotel","51.53916931152344","-0.05610999837517738","676","2","6.1"
,,"10","2026-09-19",,,,,"London",,,"2026-09-20","1.9 miles to City centre","65","7569",,"Newly renovated rooms, Family-friendly quadruple rooms",,"100/42599174","Marina Hotel London","51.51805114746094","-0.1682099997997284","969","3","7.5"
,,"21","2026-09-19",,,,,"London","2017",,"2026-09-20","2.1 miles to City centre","61","7125",,"Customizable mood lighting, Creative Shoreditch district setting",,"100/6337722","Point A London Shoreditch","51.522579193115234","-0.0842600017786026","6776","3","8.2"
,,"22","2026-09-19",,,,,"London",,,"2026-09-20","0.8 miles to Hyde Park","218","25422",,"Spacious rooms with city views, Circular tower architecture",,"100/47656","The Park Tower Knightsbridge, a Luxury Collection Hotel, London","51.501678466796875","-0.1588200032711029","3766","5","8.0"
,,"1","2026-09-19",,,,,"London",,,"2026-09-20","0.6 miles to Buckingham Palace","218","25418",,"The Buttery cafe and restaurant, Individually designed rooms",,"100/108014","Room Mate Lime Tree","51.49335861206055","-0.149959996342659","1609","4","9.0"
,,"4","2026-09-19",,,,,"London",,,"2026-09-20","0.9 miles to City centre","197","22938",,"Georgian townhouse living experience, Bloomsbury literary district location",,"100/7119328","The Academy","51.520599365234375","-0.13062000274658203","1187","5","8.6"
,,"22","2026-09-19",,,,,"London","1959",,"2026-09-20","0.5 miles to Hyde Park","103","11954",,"Kensington Gardens parkland views, Modern British brasserie dining",,"100/48074","Thistle London Hyde Park Kensington Gardens","51.51082992553711","-0.18401999771595","10340","4","8.3"
,,"5","2026-09-19",,,,,"London",,,"2026-09-20","1.2 miles to Trafalgar Square","153","17820",,"Historic Georgian townhouse setting, Cartwright Gardens tennis courts",,"100/46812","Harlingford Hotel","51.52613830566406","-0.12610000371932983","2338","3","8.3"
,,"17","2026-09-19",,,,,"London",,,"2026-09-20","2.3 miles to City centre","137","15915",,"Convenient central London location, Daily continental breakfast",,"100/12122408","Three Falcons Hotel","51.524139404296875","-0.17464999854564667","2444","4","8.7"
,,"19","2026-09-19",,,,,"London",,,"2026-09-20","0.7 miles to Buckingham Palace","217","25208",,"Curated contemporary art collection, Retractable roof garden terrace",,"100/48071","The Hari","51.49732971191406","-0.1562100052833557","5112","5","9.3"
,,"21","2026-09-19",,,,,"London",,,"2026-09-20","0.7 miles to Buckingham Palace","80","9288",,"Victorian elegance and modern luxury, Family-friendly accommodation",,"100/14021","Mornington Victor Hotel London Belgravia","51.490718841552734","-0.1385200023651123","3501","4","7.4"
,,"18","2026-09-19",,,,,"London",,,"2026-09-20","0.2 miles to Hyde Park","80","9267",,"Short stroll to Hyde Park, Tranquil tree-lined setting",,"100/46765","Westpoint Hotel","51.51485824584961","-0.17383000254631042","4223","3","7.0"
,,"19","2026-09-19",,,,,"London",,,"2026-09-20","0.8 miles to Trafalgar Square","125","14593",,"Cherry-wood furnished rooms, Family-friendly triple rooms",,"100/149115","Staunton Hotel","51.52021026611328","-0.13037000596523285","3387","4","8.5"
,,"15","2026-09-19",,,,,"London",,,"2026-09-20","0.3 miles to Hyde Park","48","5622",,"Norfolk Square Gardens setting, Historic Victorian townhouse charm",,"100/1060830","St. David's Hotels","51.51594161987305","-0.17384999990463257","5721","2","7.9"
,,"21","2026-09-19",,,,,"London",,,"2026-09-20","1.3 miles to Trafalgar Square","75","8704",,"Historic Georgian crescent setting, Cartwright Gardens access",,"100/1476287","The Judd Hotel","51.526451110839844","-0.1272599995136261","5280","3","7.7"
,,"2","2026-09-19",,,,,"London","1920",,"2026-09-20","1.2 miles to Buckingham Palace","84","9719",,"Skyline views from upper floors, Convenient on-site private parking",,"100/2727004","Nell Gwynn Chelsea Accommodation","51.49235916137695","-0.16494999825954437","4276","4","7.3"
,,"13","2026-09-19",,,,,"London",,,"2026-09-20","0.3 miles to Hyde Park","49","5692",,"Variety of nearby dining options, 24-hour front desk assistance",,"100/84082","easyHotel Paddington","51.516780853271484","-0.17217999696731567","2201","2","6.4"
,,"18","2026-09-19",,,,,"London",,,"2026-09-20","0.4 miles to Buckingham Palace","285","33155",,"Sheraton Signature Sleep Experience, Modern fitness studio",,"100/118801","Sheraton Grand London Park Lane","51.505008697509766","-0.14723999798297882","5352","5","8.6"
,,"19","2026-09-19",,,,,"London",,,"2026-09-20","1.5 miles to City centre","151","17602",,"Live fire cooking at Decimo, Retro-futuristic interior design",,"100/15216032","The Standard London","51.529541015625","-0.12431000173091888","7189","5","8.9"
,,"23","2026-09-19",,,,,"London",,,"2026-09-20","0.9 miles to Hyde Park","139","16224",,"Individually themed luxury suites, Classic British gastronomy",,"100/47210","The Gore London - Starhotels Collezione","51.50022888183594","-0.1797100007534027","6488","4","8.8"
,,"12","2026-09-19",,,,,"London",,,"2026-09-20","0.2 miles to Hyde Park","74","8625",,"Talbot Square Gardens views, Victorian townhouse architecture",,"100/1622741","Abbey Court Hotel - Hyde Park","51.51483154296875","-0.17384999990463257","3431","3","7.1"
,,"19","2026-09-19",,,,,"London",,,"2026-09-20","2.3 miles to City centre","99","11533",,"Historic Tower of London views, Cento alla Torre Italian dining",,"100/17123634","Tower Suites by Blue Orchid","51.51047134399414","-0.07528000324964523","10171","5","8.9"
,,"15","2026-09-19",,,,,"London",,,"2026-09-20","0.2 miles to Hyde Park","56","6461",,"Flexible multi-person guestrooms, Traditional Victorian townhouse charm",,"100/81657","Columbus Hotel","51.515098571777344","-0.17228999733924866","3487","3","7.5"
,,"8","2026-09-19",,,,,"London",,,"2026-09-20","2.5 miles to City centre","41","4771",,"Innovative high-tech hub rooms, Quiet oasis near major transport",,"100/23940044","hub by Premier Inn London Shoreditch","51.522239685058594","-0.07470999658107758","2334","3","8.8"
,,"17","2026-09-19",,,,,"London",,,"2026-09-20","0.8 miles to Buckingham Palace","93","10822",,"Historic Victorian townhouse charm, Victoria Station transport links",,"100/46933","Blades Hotel","51.48950958251953","-0.13670000433921814","3009","3","8.2"
,,"1","2026-09-19",,,,,"London",,,"2026-09-20","0.8 miles to Tower Bridge","51","5934",,"Historic City of London setting, Proximity to iconic landmarks",,"100/2107438","Travelodge London Central Bank","51.51189041137695","-0.08901000022888184","1650","2","7.3"
,,"18","2026-09-19",,,,,"London","2017",,"2026-09-20","2.3 miles to City centre","94","10950",,"Jin Bo Law rooftop bar, The Cardinal Bar & Kitchen",,"100/7085666","Hotel Saint","51.51401901245117","-0.07575999945402145","13664","4","8.7"
,,"21","2026-09-19",,,,,"London",,,"2026-09-20","1.4 miles to Hyde Park","61","7085",,"Traditional Victorian townhouse charm, Versatile triple room options",,"100/18397","The Villa Kensington","51.493839263916016","-0.18584999442100525","3895","3","7.7"
,,"20","2026-09-19",,,,,"London",,,"2026-09-20","0.7 miles to Hyde Park","108","12596",,"Hyde Park and Kensington views, Cosmopolitan French dining at Aubaine",,"100/13859","Hilton London Hyde Park","51.51039123535156","-0.18750999867916107","5136","4","8.0"
,,"25","2026-09-19",,,,,"London",,,"2026-09-20","0.5 miles to Hyde Park","85","9918",,"Terrace Restaurant and conservatory, Victorian elegance with modern flair",,"100/12696","Blakemore Hyde Park","51.512969970703125","-0.18374000489711761","16551","4","8.3"
,,"22","2026-09-19",,,,,"London",,,"2026-09-20","0.8 miles to Hyde Park","78","9132",,"Halia Malaysian restaurant, Victorian townhouse architecture",,"100/926625","Grand Plaza Serviced Apartments","51.5135498046875","-0.19075000286102295","17921","4","7.8"
,,"17","2026-09-19",,,,,"London",,,"2026-09-20","0.9 miles to Hyde Park","46","5335",,"Victorian townhouse charm, Versatile family accommodations",,"100/896259","Notting Hill Gate Hotel","51.51018142700195","-0.1930599957704544","4618","3","6.2"
,,"22","2026-09-19",,,,,"London",,,"2026-09-20","1.7 miles to Tower Bridge","148","17239",,"Light-bathed Sky High rooms, Family-friendly pool hours",,"100/3485786","Montcalm East, Autograph Collection","51.5277099609375","-0.08895000070333481","10232","5","9.0"
,,"20","2026-09-19",,,,,"London",,,"2026-09-20","1.5 miles to Tower Bridge","81","9434",,"Unique London map bathroom tiling, Compact on-site fitness studio",,"100/13305","Citadines Barbican London","51.52207946777344","-0.09765999764204025","5497","4","8.7"
,,"21","2026-09-19",,,,,"London","2013",,"2026-09-20","0.9 miles to Tower Bridge","57","6649",,"Secure gated on-site parking, Recycled bike rental service",,"100/2873172","The Corner London City","51.51618957519531","-0.06768999993801117","17349","3","8.6"
,,"21","2026-09-19",,,,,"London",,,"2026-09-20","0.5 miles to Tower Bridge","111","12940",,"Historic Roman wall views, Expansive 25-meter indoor pool",,"100/47191","Leonardo Royal Hotel London City","51.510719299316406","-0.07669000327587128","22741","4","8.6"
,,"15","2026-09-19",,,,,"London",,,"2026-09-20","1.6 miles to City centre","324","37722",,"Indoor heated swimming pool, High-tech room features",,"100/39741844","Park Hyatt London River Thames","51.48429870605469","-0.12794999778270721","708","5","9.2"
,,"20","2026-09-19",,,,,"London",,,"2026-09-20","1.7 miles to Hyde Park","65","7619",,"Individually designed guestrooms, Earl's Court district access",,"100/12659","Merit Kensington Hotel","51.49119186401367","-0.1934099942445755","7052","4","8.0"
,,"7","2026-09-19",,,,,"London","2014",,"2026-09-20","0.8 miles to Tower Bridge","68","7946",,"Quiet inner-courtyard views, Bar and Block Steakhouse",,"100/3238462","Premier Inn London City - Aldgate","51.514190673828125","-0.06970000267028809","10932","3","8.8"
,,"7","2026-09-19",,,,,"London",,,"2026-09-20","1.2 miles to City centre","184","21435",,"Family-friendly connecting apartments, Prime St. Paul's Cathedral location",,"100/36419574","master St. Paul's","51.51332092285156","-0.10106000304222107","1582",,"9.2"
,,"16","2026-09-19",,,,,"London",,,"2026-09-20","2.1 miles to City centre","88","10195",,"Artisanal coffee at Frequency Cafe, Tower Bridge landmark proximity",,"100/21007848","Bermonds Locke Tower Bridge","51.499149322509766","-0.07923000305891037","3967","4","8.6"
,,"15","2026-09-19",,,,,"London",,,"2026-09-20","0.8 miles to Buckingham Palace","89","10391",,"Proximity to iconic landmarks, Dedicated cinema room",,"100/820061","Astor Victoria Hostel","51.49026870727539","-0.137580007314682","17685","2","7.7"
,,"16","2026-09-19",,,,,"London","1868",,"2026-09-20","1.1 miles to Hyde Park","124","14385",,"Victorian townhouse boutique charm, On-site fitness studio",,"100/541941","The Queen's Gate Hotel","51.49822998046875","-0.17993000149726868","7058","4","8.8"
,,"5","2026-09-19",,,,,"London","1870",,"2026-09-20","1.8 miles to Hyde Park","89","10312",,"Authentic Victorian boutique charm, Kensington Olympia transport links",,"100/922353","London Visitors Hotel","51.49822998046875","-0.2076999992132187","3645","2","8.3"
,,"18","2026-09-19",,,,,"London",,,"2026-09-20","0.8 miles to City centre","641","74562",,"Hanover Bar rooftop terrace, Subterranean spa and 25-meter pool",,"100/33270124","Mandarin Oriental Mayfair, London","51.51327896118164","-0.14398999512195587","444","5","9.2"
,,"18","2026-09-19",,,,,"London",,,"2026-09-20","1.4 miles to City centre","257","29885",,"Hithe and Seek wine bar, Heated indoor swimming pool",,"100/25389080","The Westin London City","51.51081848144531","-0.09529999643564224","2869","5","9.3"
,,"5","2026-09-19",,,,,"London",,,"2026-09-20","0.4 miles to Big Ben","67","7743",,"Guided walking tours, Adults-only shared dormitories",,"100/2197834","The Walrus Bar and Hostel","51.4999885559082","-0.11437000334262848","7780","1","8.1"
,,"8","2026-09-19",,,,,"London",,,"2026-09-20","0.5 miles to Tower Bridge","69","8030",,"Thyme restaurant and bar, Sky Garden proximity",,"100/3044750","Premier Inn London Bank - Tower","51.50960922241211","-0.08352000266313553","9647","3","8.6"
,,"24","2026-09-19",,,,,"London","1",,"2026-09-20","0.5 miles to Buckingham Palace","204","23726",,"Japanese-Peruvian Nobu restaurant, In-room technology controls",,"100/32726","COMO Metropolitan London","51.50505065917969","-0.15000000596046448","4886","5","9.2"
,,"23","2026-09-19",,,,,"London","1965",,"2026-09-20","0.9 miles to Hyde Park","164","19069",,"Iconic Kensington Palace views, Refined Origin Kensington restaurant",,"100/47698","Royal Garden Hotel","51.502689361572266","-0.18838000297546387","14934","5","8.9"
,,"11","2026-09-19",,,,,"London",,,"2026-09-20","3.1 miles to City centre","90","10448",,"Tranquil rooftop garden, Private balconies and terraces",,"100/22910984","City Prime Camden","51.552730560302734","-0.12409000098705292","3476","4","9.2"
,,"12","2026-09-19",,,,,"London",,,"2026-09-20","1.5 miles to City centre","80","9367",,"Prime King's Cross location, Cozy and efficient accommodation",,"100/35039704","Argo Hotel - Kings Cross","51.5288200378418","-0.12148000299930573","4341","3","7.6"
,,"2","2026-09-19",,,,,"London",,,"2026-09-20","0.5 miles to Trafalgar Square","416","48400",,"Thoughtfully designed living spaces, Duplex penthouse with rooftop pavilion",,"100/3879912","Covent Garden Apartments","51.51469039916992","-0.12381000071763992","170","4","9.5"
,,"17","2026-09-19",,,,,"London",,,"2026-09-20","1.1 miles to City centre","82","9600",,"Boutique townhouse concept, Victoria district location",,"100/6689264","The Eaton Townhouse","51.49401092529297","-0.14101000130176544","1219","3","8.0"
,,"14","2026-09-19",,,,,"London",,,"2026-09-20","1.7 miles to City centre","137","15933",,"Wilderness Kitchen restaurant, Family-friendly accommodations",,"100/42782486","Hotel Indigo London Clerkenwell By Ihg","51.52347183227539","-0.09890999644994736","775","4","9.0"
,,"19","2026-09-19",,,,,"London","1",,"2026-09-20","0.9 miles to Hyde Park","123","14279",,"Edwardian boutique charm, Private courtyard terrace rooms",,"100/18439","Ten Manchester Street Hotel","51.518798828125","-0.15384000539779663","3393","4","8.6"
,,"18","2026-09-19",,,,,"London",,,"2026-09-20","0.2 miles to Hyde Park","59","6845",,"Victorian townhouse heritage, Hyde Park greenery access",,"100/81453","Europa House Hotel","51.5148811340332","-0.17257000505924225","2033","2","7.5"
,,"20","2026-09-19",,,,,"London","1908",,"2026-09-20","0.4 miles to Buckingham Palace","132","15333",,"Vintage caged elevator, Prime Mayfair location",,"100/1160332","Curzon Street by Mansley","51.50675964355469","-0.1466899961233139","1477","4","8.7"
,,"24","2026-09-19",,,,,"London",,,"2026-09-20","1.0 miles to Tower Bridge","112","12984",,"Art deco dining at Avenue Restaurant, High-end in-room audio and coffee",,"100/1284432","Clayton Hotel London Wall","51.51599884033203","-0.08810999989509583","6265","4","9.2"
,,"14","2026-09-19",,,,,"London",,,"2026-09-20","0.8 miles to Buckingham Palace","88","10215",,"Family-run Victorian townhouse, Versatile family room configurations",,"100/82413","Melbourne House Hotel","51.49016189575195","-0.1373099982738495","3076","3","8.4"
,,"9","2026-09-19",,,,,"London",,,"2026-09-20","0.5 miles to Hyde Park","66","7643",,"Victorian townhouse heritage, Versatile family guest rooms",,"100/12669","The Gate Hotel","51.513641357421875","-0.1839900016784668","893","2","6.7"
,,"18","2026-09-19",,,,,"London",,,"2026-09-20","1.4 miles to Tower Bridge","68","7868",,"Budget-friendly London base, Nearby historical and cultural sites",,"100/149074","Eurotraveller Hotel- Express (Elephant & Castle)","51.4899787902832","-0.097680002450943","2753","3","7.6"
,,"20","2026-09-19",,,,,"London","1877",,"2026-09-20","1.2 miles to Hyde Park","96","11220",,"Scoff & Banter seasonal dining, Historic Grade II-listed townhouses",,"100/12651","Radisson Blu Hotel, London South Kensington","51.49536895751953","-0.1818999946117401","15843","4","7.8"
,,"18","2026-09-19",,,,,"London",,,"2026-09-20","0.3 miles to Hyde Park","39","4483",,"Victorian townhouse charm, Paddington Station proximity",,"100/13379","Shakespeare Hotel","51.516090393066406","-0.17361000180244446","7332","3","7.0"
,,"8","2026-09-19",,,,,"London","2014",,"2026-09-20","0.6 miles to Tower Bridge","94","10911",,"Panoramic London skyline views, Royal Tower of London design",,"100/3078136","Motel One London-Tower Hill","51.51277160644531","-0.07528000324964523","12707","3","8.8"
,,"22","2026-09-19",,,,,"London",,,"2026-09-20","0.8 miles to Tower Bridge","61","7144",,"Quiet upper floor city views, Global flavors at Fogg's restaurant",,"100/46226","ibis London City - Shoreditch","51.515689849853516","-0.07252000272274017","20184","3","8.3"
,,"0","2026-09-19",,,,,"London",,,"2026-09-20","0.7 miles to Trafalgar Square",,,,"Mediterranean dining at 42 Holborn, Private outdoor terrace",,"100/2144308","Club Quarters Hotel Covent Garden Holborn, London","51.51605987548828","-0.11858999729156494","8913","4","8.5"
,,"13","2026-09-19",,,,,"London",,,"2026-09-20","2.3 miles to City centre","172","20074",,"Subterranean skyline-view swimming pool, Sky-high Solaya dining experience",,"100/36271568","art’otel London Hoxton","51.52619171142578","-0.08336000144481659","7934","5","9.3"
,,"10","2026-09-19",,,,,"London",,,"2026-09-20","2.0 miles to City centre","145","16885",,"Iconic London landmark views, Rycrofte's Restaurant, Coffeehouse and Bar",,"100/43742138","The Derby London City, Curio Collection By Hilton","51.510009765625","-0.08206000179052353","357","4","9.5"
,,"19","2026-09-19",,,,,"London","1866",,"2026-09-20","0.2 miles to Hyde Park","104","12128",,"Personalized concierge hospitality, Handmade beds with silk details",,"100/47812","Roseate House London","51.5140495300293","-0.1764499992132187","6679","5","9.0"
,,"4","2026-09-19",,,,,"London",,,"2026-09-20","2.0 miles to City centre","43","5018",,"Engaging karaoke nights, Proximity to Madame Tussauds",,"100/31572822","Bell House Hostel","51.52204895019531","-0.1661199927330017","2558",,"6.4"
,,"19","2026-09-19",,,,,"London",,,"2026-09-20","0.8 miles to Buckingham Palace","339","39483",,"Gordon Ramsay signature dining, Historic stately town house charm",,"100/48151","London Marriott Hotel Grosvenor Square","51.512611389160156","-0.15091000497341156","5618","5","8.3"
,,"12","2026-09-19",,,,,"London",,,"2026-09-20","0.7 miles to Buckingham Palace","57","6580",,"Pimlico neighborhood charm, Walkable iconic landmarks",,"100/152901","Lidos Hotel","51.49087905883789","-0.13878999650478363","3806","3","7.7"
,,"22","2026-09-19",,,,,"London",,,"2026-09-20","0.6 miles to Hyde Park","107","12463",,"Boutique townhouse elegance, Marylebone and Mayfair access",,"100/1768383","The Marble Arch London","51.51483917236328","-0.15967999398708344","3737","5","7.7"
,,"8","2026-09-19",,,,,"London",,,"2026-09-20","1.1 miles to Hyde Park","196","22834",,"Marylebone townhouse setting, Whirlpool baths in select suites",,"100/149086","Nottingham Place Hotel London","51.52214050292969","-0.15338000655174255","1548","4","7.9"
,,"5","2026-09-19",,,,,"London",,,"2026-09-20","1.2 miles to City centre","104","12103",,"Streamlined urban base concept, Victoria Station transport hub",,"100/48763340","Four Points Flex by Sheraton London Victoria","51.49092102050781","-0.13895000517368317","52","2","7.6"
,,"1","2026-09-19",,,,,"London",,,"2026-09-20","0.8 miles to Tower Bridge","45","5236",,"Versatile family accommodations, Liverpool Street station proximity",,"100/46694","Travelodge London Liverpool Street","51.51572036743164","-0.07752999663352966","3989","3","7.6"
,,"18","2026-09-19",,,,,"London","1997",,"2026-09-20","0.9 miles to Tower Bridge","81","9480",,"Peloton-equipped fitness center, Family-friendly adjoining rooms",,"100/47147","Hampton by Hilton London City","51.51668930053711","-0.06995999813079834","11731","4","9.1"
,,"22","2026-09-19",,,,,"London",,,"2026-09-20","1.0 miles to Hyde Park","98","11412",,"Marylebone boutique charm, Regent's Park proximity",,"100/18413","Blandford Hotel","51.5212287902832","-0.155799999833107","3901","4","8.0"
,,"0","2026-09-19",,,,,"London","1",,"2026-09-20","1.2 miles to Hyde Park",,,,"Well-equipped fitness center, Exceptional catered dining",,"100/1157502","Bowden Court (Notting Hill)","51.51205825805664","-0.18602000176906586","1314","2","7.5"
,,"14","2026-09-19",,,,,"London",,,"2026-09-20","0.4 miles to Hyde Park","87","10179",,"Laura Ashley floral decor, Central Marble Arch Tube links",,"100/82407","Parkwood Hotel","51.51346969604492","-0.16311000287532806","3485","3","7.7"
,,"19","2026-09-19",,,,,"London","1997",,"2026-09-20","2.2 miles to Trafalgar Square","131","15252",,"Business Design Centre adjacency, Spacious family-friendly suites",,"100/12655","Hilton London Angel Islington","51.535888671875","-0.10480999946594238","7977","4","8.2"
